"MOVIE_ID","date_norm","avg_rating","Action","Adventure","Animation","Children","Comedy","Crime","Documentary","Drama","Fantasy","Film-Noir","Horror","Musical","Mystery","Romance","Sci-Fi","Thriller","War","Western"
1,980.288,3.183,0,0,0,0,0,0,0,0,0,0,0,0,1,0,0,1,0,0
2,968.062,3.305,0,0,0,0,0,1,0,0,0,0,0,0,0,0,0,0,0,0
3,637.949,3.704,0,0,0,0,1,0,0,0,0,0,0,0,0,0,0,0,0,0
4,937.408,3.110,0,0,0,0,1,0,0,0,0,0,0,0,0,0,0,0,0,0
5,937.408,3.459,0,0,0,0,1,0,0,0,0,0,1,0,0,0,0,0,0,0
6,978.543,3.775,0,0,0,0,0,1,0,1,0,0,0,0,0,0,0,0,0,0
7,963.429,3.202,0,0,0,0,1,0,0,0,0,0,0,0,0,0,0,0,0,0
8,986.027,3.563,0,1,0,0,0,0,0,0,0,0,0,0,0,0,0,1,0,0
9,794.184,3.840,0,0,0,0,0,0,0,1,0,0,0,0,0,0,0,0,0,0
10,937.408,3.134,1,0,0,0,0,0,0,0,0,0,0,0,0,0,0,1,0,0
11,965.318,3.227,0,0,0,0,0,0,0,1,0,0,0,0,1,0,0,0,0,0
12,937.408,3.554,0,0,0,0,0,0,0,1,0,0,0,0,0,0,0,0,0,0
13,973.301,3.028,1,0,0,0,0,0,0,0,0,0,0,0,0,0,0,1,0,0
14,976.475,3.289,0,0,0,0,0,0,0,0,0,0,0,0,0,0,0,1,0,0
15,977.046,3.318,0,0,0,0,0,1,0,0,0,0,0,0,0,0,0,1,0,0
16,950.418,2.966,0,0,0,0,1,0,0,0,0,0,1,0,0,0,0,0,0,0
17,976.475,3.332,0,0,0,0,0,0,0,1,0,0,0,0,0,0,0,0,0,0
18,950.418,3.371,0,0,0,0,1,0,0,1,0,0,0,0,0,0,0,0,0,0
19,950.418,3.443,0,0,0,0,0,0,1,0,0,0,0,0,0,0,0,0,0,0
20,950.418,3.301,0,0,0,0,0,0,0,1,0,0,0,0,0,0,0,0,0,0
21,598.881,3.438,0,0,0,0,0,0,0,0,0,0,1,0,0,0,0,0,0,0
22,611.927,3.893,0,0,0,0,0,0,0,0,0,0,0,0,0,0,0,0,0,1
23,937.408,3.194,0,0,0,0,1,0,0,1,0,0,0,0,0,0,0,0,0,0
24,833.251,3.393,0,0,0,0,0,0,0,0,0,0,1,0,0,0,0,0,0,0
25,950.418,3.388,0,0,0,0,1,0,0,0,0,0,0,0,0,1,0,0,0,0
26,481.714,3.211,0,0,0,1,1,0,0,0,0,0,0,0,0,0,0,0,0,0
27,990.591,3.636,0,0,0,0,0,1,0,1,0,0,0,0,0,0,0,0,0,0
28,924.397,3.688,0,0,0,0,0,0,1,0,0,0,0,0,0,0,0,0,0,0
29,950.418,3.255,0,0,0,0,0,0,0,1,0,0,0,0,0,0,0,0,0,0
30,966.743,3.166,0,0,0,0,1,0,0,0,0,0,0,0,0,0,0,0,0,0
31,974.550,3.665,0,0,0,0,1,0,0,0,0,0,0,0,0,0,0,0,0,0
32,911.351,3.662,0,0,0,0,1,0,0,0,0,0,0,0,0,0,0,0,0,0
33,898.340,3.044,0,0,0,0,0,0,0,1,0,0,0,0,0,0,1,0,0,0
34,976.475,2.766,1,0,0,0,0,0,0,0,0,0,0,0,1,0,1,1,0,0
35,968.810,3.223,1,0,0,0,0,0,0,0,0,0,0,0,0,0,1,1,0,0
36,967.562,3.047,1,1,0,0,0,0,0,0,0,0,0,0,0,0,0,0,0,0
37,234.334,3.588,0,0,0,0,0,0,0,0,0,0,0,0,0,0,0,1,0,0
38,976.475,3.277,0,0,0,0,1,0,0,1,0,0,0,0,0,0,0,0,0,0
39,924.397,3.222,0,0,0,0,0,1,0,0,0,0,0,0,0,0,0,1,0,0
40,937.408,3.393,0,0,0,0,1,0,0,1,0,0,0,0,0,1,0,0,0,0
41,911.351,2.829,1,1,0,0,1,1,0,0,0,0,0,0,0,0,0,0,0,0
42,338.490,3.929,0,1,0,0,0,0,0,0,0,0,0,0,0,0,0,0,0,0
43,982.534,3.506,0,0,0,0,1,0,0,0,0,0,0,0,0,0,0,1,0,0
44,885.329,3.312,0,0,0,0,1,0,0,0,0,0,0,0,0,1,0,0,0,0
45,976.226,3.138,0,0,0,0,1,0,0,0,0,0,0,0,0,0,0,0,0,0
46,990.769,3.438,0,0,0,0,0,0,0,1,0,0,0,0,0,0,0,0,0,0
47,924.397,3.459,1,0,0,0,0,0,0,1,0,0,0,0,0,0,0,0,0,0
48,364.547,3.468,0,0,0,1,0,0,0,1,0,0,0,0,0,0,0,0,0,0
49,979.789,3.155,1,0,0,0,0,0,0,0,0,0,0,0,0,0,0,0,0,0
50,968.489,3.324,1,1,0,0,0,0,0,0,0,0,0,0,1,0,0,0,0,0
51,898.340,3.440,0,0,0,0,0,0,0,0,0,0,0,0,0,0,0,1,0,0
52,468.703,2.993,0,0,0,0,0,0,0,0,0,0,1,0,0,0,1,0,0,0
53,260.388,3.504,0,0,0,0,1,0,0,1,0,0,0,0,0,0,0,0,1,0
54,885.329,3.453,0,0,0,0,0,1,0,1,0,1,0,0,0,0,0,0,0,0
55,924.397,3.281,0,0,0,0,0,0,0,0,0,0,1,0,0,0,1,1,0,0
56,924.397,3.323,0,0,0,0,0,0,0,1,0,0,0,0,0,0,0,0,0,0
57,820.240,3.613,0,0,0,0,1,0,0,0,0,0,0,0,0,0,0,0,0,0
58,968.062,3.411,0,0,0,0,1,0,0,0,0,0,0,0,0,0,0,0,0,0
59,965.817,3.065,0,0,0,0,1,0,0,0,0,0,0,0,0,0,0,0,0,0
60,989.486,3.506,0,0,0,0,0,0,0,1,0,0,0,0,0,0,0,0,0,0
61,950.418,3.333,0,0,0,0,1,0,0,1,0,0,0,0,0,0,0,0,0,0
62,974.230,3.610,0,0,0,0,0,0,0,1,0,0,0,0,0,0,0,0,0,0
63,977.545,3.095,0,0,0,0,0,0,0,0,0,0,0,0,0,0,0,1,0,0
64,963.429,3.048,0,0,0,0,0,0,0,1,0,0,0,0,0,0,0,1,0,0
65,937.408,3.396,0,0,0,0,0,0,0,1,0,0,0,0,0,0,0,1,0,0
66,937.408,3.532,0,0,0,0,0,0,0,1,0,0,0,0,0,0,0,0,0,0
67,742.105,3.966,1,0,0,0,0,0,0,0,0,0,1,0,0,0,1,1,0,0
68,976.475,3.686,0,0,0,0,0,0,0,1,0,0,0,0,0,0,0,0,0,0
69,598.881,3.630,0,0,1,1,0,0,0,0,0,0,0,0,0,0,0,0,0,0
70,937.408,3.462,0,1,0,1,0,0,0,0,0,0,0,0,0,0,0,0,0,0
71,299.458,3.693,0,0,0,0,0,0,0,0,0,0,0,0,1,1,0,1,0,0
72,950.418,3.542,0,0,0,0,0,0,1,0,0,0,0,0,0,0,0,0,0,0
73,898.340,3.591,0,0,0,0,0,0,0,1,0,0,0,0,0,0,0,0,0,0
74,898.340,3.319,0,0,0,0,0,0,0,1,0,0,0,1,0,0,0,0,0,0
75,990.769,3.137,1,0,0,0,1,0,0,0,0,0,0,1,0,0,0,0,0,0
76,972.054,3.462,1,0,0,0,0,0,0,0,0,0,0,0,0,0,0,0,0,0
77,950.418,3.070,0,0,0,0,1,0,0,0,0,0,0,0,0,1,0,0,0,0
78,169.246,3.547,0,0,0,0,0,0,0,0,0,0,1,0,0,0,0,0,0,0
79,976.475,3.633,0,0,0,0,0,0,0,0,0,0,0,0,1,0,0,1,0,0
80,974.301,3.332,0,0,0,0,0,0,0,0,0,0,1,0,0,0,0,0,0,0
81,690.027,4.214,0,0,0,0,0,0,0,1,0,0,0,0,0,0,0,0,0,0
82,950.418,3.293,1,0,0,0,0,0,0,1,0,0,0,0,0,0,0,1,0,0
83,924.397,3.593,0,0,0,0,0,0,0,1,0,0,0,0,0,1,0,0,0,0
84,980.038,2.842,0,0,0,0,0,1,0,0,0,0,0,0,0,0,0,0,0,0
85,967.313,3.029,1,0,0,0,0,0,0,0,0,0,0,0,0,0,0,0,0,0
86,937.408,3.401,0,0,0,0,0,0,0,1,0,0,0,0,0,0,0,0,0,0
87,937.408,3.094,0,0,0,0,1,0,0,1,0,0,0,0,0,0,0,0,0,0
88,978.044,3.385,0,0,0,0,0,0,0,0,0,0,0,0,0,1,0,0,0,0
89,978.543,3.645,0,0,0,0,0,1,0,0,0,0,0,0,0,0,0,1,0,0
90,978.721,3.438,0,0,0,0,0,0,1,0,0,0,0,0,0,0,0,0,0,0
91,950.418,3.056,0,0,0,0,1,0,0,0,0,0,0,0,0,0,0,0,0,0
92,968.062,3.247,1,1,0,0,0,0,0,0,0,0,0,0,0,0,0,1,0,0
93,950.418,3.425,0,0,0,0,1,0,0,0,0,0,0,0,0,0,0,0,0,0
94,950.418,3.506,0,0,0,0,0,0,0,1,0,0,0,0,0,0,0,0,0,0
95,390.568,3.962,0,0,0,0,0,0,0,0,0,0,0,0,0,0,0,0,0,1
96,572.860,3.506,0,0,0,0,0,0,0,1,0,0,0,0,0,0,0,0,0,0
97,977.295,3.874,0,0,0,0,0,0,0,1,0,0,0,0,0,0,0,0,0,0
98,403.614,3.922,0,0,0,0,1,0,0,0,0,0,0,0,0,1,0,0,0,0
99,846.262,3.266,0,0,0,0,1,0,0,1,0,0,0,0,0,0,0,0,0,0
100,971.804,3.332,0,0,0,0,1,1,0,0,0,0,0,0,0,0,0,0,0,0
101,833.251,3.654,0,0,0,0,0,0,0,1,0,0,0,0,0,0,0,0,1,0
102,494.724,3.418,0,1,0,1,0,0,0,0,0,0,0,0,0,0,0,0,0,0
103,924.397,3.784,0,0,0,0,0,0,0,1,0,0,0,0,0,0,0,0,0,0
104,971.733,3.201,0,1,0,1,0,0,0,0,0,0,0,0,0,0,0,0,0,0
105,963.429,3.302,0,0,0,0,0,0,0,0,0,0,1,0,0,0,0,0,0,0
106,937.408,3.273,0,0,0,0,0,0,1,0,0,0,0,0,0,0,0,0,0,0
107,986.775,3.196,0,0,0,0,0,0,0,0,0,0,1,0,1,0,0,1,0,0
108,937.408,3.214,0,0,0,0,1,0,0,0,0,0,0,0,0,0,0,0,0,0
109,970.557,3.016,1,1,0,0,0,0,0,0,0,0,0,0,0,0,0,0,0,0
110,950.418,3.522,0,0,0,0,0,0,0,1,0,0,0,0,0,0,0,0,0,0
111,481.714,3.788,1,1,0,0,0,0,0,1,0,0,0,0,0,0,0,0,0,0
112,950.418,3.552,0,0,0,0,0,0,0,1,0,0,0,0,0,1,0,0,0,0
113,950.418,3.552,0,0,0,0,1,0,0,1,0,0,0,0,0,1,0,0,0,0
114,364.547,3.574,0,0,1,1,0,0,0,0,0,0,0,1,0,0,0,0,0,0
115,974.550,3.443,0,0,0,0,0,0,0,1,0,0,0,0,0,0,0,0,0,0
116,964.178,3.666,0,0,0,0,0,0,0,1,0,0,0,0,0,0,0,0,1,0
117,976.475,3.447,0,0,0,0,0,1,0,1,0,0,0,0,1,0,0,0,0,0
118,978.792,3.477,0,0,0,0,1,0,0,1,0,0,0,0,0,0,0,0,0,0
119,982.035,3.393,0,0,0,0,0,0,0,1,0,0,0,0,0,0,0,0,0,0
120,950.418,3.135,1,0,0,0,0,0,0,0,0,0,0,0,0,0,0,0,0,0
121,973.337,3.554,1,0,0,0,0,0,0,0,0,0,0,0,0,0,0,1,0,0
122,416.625,3.585,0,0,0,0,1,0,0,1,0,0,0,0,0,0,0,0,0,0
123,950.418,3.063,0,0,0,0,0,0,0,1,0,0,0,0,0,0,0,1,0,0
124,885.329,3.078,1,0,0,0,0,0,0,1,0,0,0,0,0,0,0,0,0,0
125,950.418,3.320,0,1,0,1,0,0,0,0,0,0,0,0,0,0,0,0,0,0
126,950.418,3.507,1,0,0,0,0,0,0,0,0,0,0,0,0,0,0,0,0,0
127,872.319,3.861,0,0,0,0,0,0,0,1,0,0,0,0,0,0,0,0,0,0
128,416.625,4.301,0,0,0,0,0,0,0,0,0,0,0,0,1,0,0,1,0,0
129,981.286,3.480,0,0,0,0,0,1,0,1,0,0,0,0,0,0,0,0,0,0
130,221.324,3.904,0,0,0,0,0,0,0,1,0,0,0,0,0,0,0,0,0,0
131,976.475,3.827,0,0,0,0,0,0,0,1,0,0,0,0,0,0,0,0,0,0
132,967.562,3.059,0,0,0,0,0,1,0,0,0,1,0,0,0,0,0,1,0,0
133,974.050,2.957,0,0,0,0,0,0,0,0,0,0,1,0,0,0,0,1,0,0
134,989.272,3.470,0,0,0,0,0,0,0,1,0,0,0,0,0,1,0,0,0,0
135,937.408,3.618,0,0,0,0,0,0,0,1,0,0,0,0,0,0,0,0,0,0
136,924.397,3.475,0,0,0,0,0,0,0,1,0,0,0,1,0,0,0,0,0,0
137,950.418,3.466,0,0,0,0,0,0,0,1,0,0,0,0,0,0,0,0,0,0
138,924.397,4.371,0,0,0,0,0,0,0,1,0,0,0,0,0,0,0,0,1,0
139,976.475,4.217,0,0,0,0,0,0,0,1,0,0,0,0,0,0,0,0,0,0
140,976.475,3.161,0,0,0,0,1,0,0,0,0,0,0,0,0,0,0,0,0,0
141,980.038,3.529,0,0,0,0,1,0,0,0,0,0,0,0,0,0,0,0,0,0
142,520.781,3.514,0,0,0,0,0,0,0,0,0,1,0,0,0,0,0,1,0,0
143,937.408,3.283,1,0,0,0,0,0,0,0,0,0,0,0,0,0,0,0,0,0
144,976.796,3.228,0,0,0,0,1,0,0,0,0,0,0,0,0,0,0,0,0,0
145,976.226,3.340,0,0,0,0,1,0,0,0,0,0,0,0,0,1,0,0,0,0
146,950.418,3.178,0,0,0,0,0,0,0,1,0,0,0,0,0,0,0,0,0,0
147,911.351,3.302,0,0,0,0,0,0,0,1,0,0,0,0,0,0,0,0,0,0
148,924.397,3.606,0,0,0,0,1,0,0,0,0,0,0,0,0,1,0,0,0,0
149,950.418,3.176,0,0,0,0,1,0,0,0,0,0,0,0,0,0,0,0,0,0
150,970.806,2.630,0,0,0,0,1,0,0,0,0,0,0,1,0,0,0,0,0,0
151,992.764,3.593,0,0,0,0,0,0,0,0,0,0,0,0,0,1,0,0,0,0
152,768.162,3.360,1,0,0,0,0,0,0,0,0,0,1,0,0,0,0,0,0,0
153,924.397,3.779,1,0,0,0,0,0,0,0,0,0,0,0,0,0,0,1,0,0
154,991.910,3.438,0,0,0,0,1,0,0,0,0,0,0,0,0,0,0,0,0,0
155,981.785,3.305,0,0,0,0,1,1,0,0,0,0,0,0,0,0,0,0,0,0
156,950.418,2.991,1,1,0,0,1,0,0,0,0,0,0,0,0,0,0,0,1,0
157,0.000,3.467,0,0,0,0,0,0,0,0,0,0,1,0,0,0,0,0,0,0
158,924.397,3.376,0,0,0,0,0,1,0,1,0,0,0,0,0,0,0,1,0,0
159,963.429,2.693,0,0,0,0,0,0,0,0,0,0,0,0,0,0,1,1,0,0
160,972.303,3.104,0,0,0,1,0,0,0,1,1,0,0,0,0,0,0,0,0,0
161,966.566,2.864,0,0,0,0,1,0,0,0,0,0,0,0,0,0,0,0,0,0
162,390.568,3.894,0,0,0,0,0,0,0,0,0,0,0,1,0,1,0,0,0,0
163,970.307,3.554,0,0,0,0,1,0,0,0,0,0,0,0,0,0,0,0,0,0
164,969.808,3.020,0,0,0,0,1,0,0,0,1,0,0,0,0,1,1,0,0,0
165,979.789,3.191,0,0,0,0,0,0,0,1,0,0,0,0,0,1,0,0,0,0
166,937.408,3.246,0,0,0,0,1,0,0,1,0,0,0,0,0,1,0,0,0,0
167,976.475,3.352,1,0,0,0,0,0,0,1,0,0,0,0,0,0,0,0,1,0
168,637.949,3.589,0,0,0,0,1,0,0,0,0,0,0,0,0,0,0,0,1,0
169,937.408,3.193,0,0,0,1,1,0,0,0,0,0,0,0,0,0,0,0,0,0
170,964.570,3.287,0,0,0,0,0,1,0,1,0,0,0,0,0,1,0,0,0,0
171,979.789,3.298,0,0,0,0,0,0,0,1,0,0,0,0,0,1,0,0,0,0
172,911.351,3.110,0,0,0,0,0,0,0,0,0,0,1,0,0,0,0,0,0,0
173,1000.000,4.045,0,0,0,0,0,0,0,1,0,0,0,0,0,0,0,1,0,0
174,950.418,3.401,0,0,0,0,0,0,0,1,0,0,0,0,0,1,0,0,0,0
175,976.475,3.224,0,0,0,0,0,0,0,1,0,0,0,0,0,0,0,0,0,0
176,950.418,3.380,0,1,0,1,0,0,0,0,0,0,0,0,0,0,0,0,0,0
177,820.240,3.784,0,0,0,0,0,0,0,0,0,0,0,0,0,0,1,0,0,0
178,937.408,3.459,1,1,0,0,0,0,0,0,0,0,0,0,0,0,0,0,0,0
179,703.038,3.521,0,0,0,0,0,0,0,0,0,0,1,0,0,0,0,0,0,0
180,950.418,3.136,1,1,0,0,0,0,0,0,0,0,0,0,0,1,0,0,0,0
181,820.240,3.912,0,0,0,0,0,0,0,1,0,0,0,0,0,0,0,0,1,0
182,989.486,3.289,0,0,0,0,1,0,0,0,0,0,0,0,0,0,0,0,0,0
183,975.228,2.987,0,0,0,1,1,0,0,0,0,0,0,0,0,0,0,0,0,0
184,972.802,3.815,0,0,0,0,0,0,0,1,0,0,0,0,0,0,0,0,0,0
185,976.475,3.255,0,0,0,0,1,1,0,1,0,0,0,0,1,0,0,0,0,0
186,989.236,3.265,0,0,0,0,1,0,0,0,0,0,0,0,0,0,0,0,0,0
187,533.792,3.366,0,0,1,1,0,0,0,0,0,0,0,0,0,0,0,0,0,0
188,992.266,3.690,0,0,0,0,0,0,0,1,0,0,0,0,0,0,0,0,0,0
189,991.767,3.532,1,0,0,0,0,0,0,1,0,0,0,0,0,0,0,0,0,0
190,976.475,3.431,0,0,0,0,0,0,0,0,0,0,0,0,0,1,0,0,0,0
191,976.475,2.991,0,0,0,0,0,0,0,0,0,0,1,0,0,0,0,0,0,0
192,937.408,3.636,0,0,0,0,0,0,0,1,0,0,0,0,0,0,0,0,0,0
193,364.547,3.419,0,0,0,0,0,0,0,1,0,0,0,0,0,0,0,0,0,0
194,984.031,3.157,0,0,0,0,1,0,0,0,0,0,0,0,0,1,0,0,0,0
195,950.418,3.229,0,0,0,1,1,0,0,0,0,0,0,0,0,0,0,0,0,0
196,965.069,4.038,0,0,0,0,0,0,0,1,0,0,0,0,0,0,0,1,0,0
197,872.319,3.901,0,0,0,0,1,0,0,0,0,0,0,0,0,1,0,0,0,0
198,455.692,3.601,0,0,0,0,1,0,0,0,0,0,0,1,0,0,0,0,0,0
199,924.397,3.344,1,0,0,0,0,0,0,0,0,0,0,0,0,0,0,0,0,0
200,976.475,3.747,0,0,0,0,0,0,0,1,0,0,0,0,0,0,0,0,0,0
201,924.397,3.487,0,0,0,0,0,0,0,1,0,0,0,0,0,0,0,0,0,0
202,971.555,3.545,0,0,0,0,0,0,0,1,0,0,0,0,0,0,0,0,0,0
203,950.418,3.901,1,0,0,0,0,0,0,1,0,0,0,0,0,0,0,1,0,0
204,972.303,3.318,0,0,0,0,1,0,0,1,0,0,0,0,0,0,0,0,0,0
205,755.116,3.255,0,0,0,0,0,0,0,0,0,0,1,0,0,0,0,0,0,0
206,716.084,3.130,0,0,0,0,0,0,0,0,0,0,1,0,0,0,0,0,0,0
207,976.475,3.473,0,0,0,0,1,0,0,0,0,0,0,0,0,1,0,0,0,0
208,937.408,3.347,0,0,0,0,0,0,0,0,0,0,0,0,0,1,0,0,1,0
209,937.408,3.109,0,0,0,0,0,0,0,1,0,0,1,0,0,0,0,0,0,0
210,611.927,3.050,0,0,0,1,1,0,0,0,0,0,0,0,0,0,0,0,0,0
211,885.329,3.298,0,0,0,0,0,0,0,1,0,0,0,0,0,0,0,0,0,0
212,963.429,2.676,0,0,0,0,0,0,0,0,0,0,1,0,0,0,0,0,0,0
213,966.316,3.185,0,0,0,0,0,0,0,0,0,0,0,0,0,1,0,0,0,0
214,976.796,3.217,0,0,0,1,0,0,0,0,0,0,0,0,0,0,0,0,0,0
215,976.475,3.369,0,0,0,1,0,0,0,1,1,0,0,0,0,0,0,0,0,0
216,974.550,3.649,0,0,0,0,0,0,0,1,0,0,0,0,0,0,0,1,0,0
217,950.418,3.431,0,0,0,0,0,0,0,1,0,0,0,0,0,1,0,0,0,0
218,937.408,3.608,1,1,0,0,0,0,0,0,0,0,0,0,0,0,0,1,0,0
219,950.418,3.393,1,0,0,0,0,0,0,1,0,0,0,0,0,0,0,1,0,0
220,937.408,3.162,0,0,0,0,0,0,0,0,0,0,1,0,0,0,0,0,0,0
221,971.804,3.023,1,0,0,0,0,0,0,0,0,0,0,0,0,0,1,1,0,0
222,978.792,3.434,0,0,0,0,0,0,0,0,0,0,0,0,0,1,0,0,0,0
223,976.475,3.483,0,0,0,0,0,0,0,0,0,0,0,0,0,1,0,0,0,0
224,968.062,2.942,0,0,0,0,0,0,0,0,0,0,0,0,1,0,0,1,0,0
225,984.280,3.360,0,0,0,0,0,0,0,1,0,0,0,0,0,0,0,0,0,0
226,911.351,3.636,1,0,0,0,0,0,0,1,0,0,0,0,0,1,0,0,1,0
227,911.351,3.608,0,0,0,0,0,0,0,0,0,0,0,0,0,0,0,1,0,0
228,950.418,3.152,0,0,0,0,0,0,0,0,0,0,1,0,0,0,0,0,0,0
229,981.037,3.507,0,0,0,0,1,0,0,0,0,0,0,0,0,0,0,0,0,0
230,937.408,3.748,0,0,1,1,0,0,0,0,0,0,0,1,0,0,0,0,0,0
231,976.475,3.465,1,0,0,0,0,1,0,0,0,0,0,0,1,0,0,0,0,0
232,898.340,3.796,0,0,1,1,0,0,0,0,0,0,0,1,0,0,0,0,0,0
233,950.418,3.318,0,0,0,0,0,0,0,1,0,0,0,0,0,0,0,0,0,0
234,975.050,3.574,0,0,0,0,0,0,0,1,0,0,0,0,0,0,0,0,0,0
235,970.307,3.263,0,0,0,0,1,0,0,0,0,0,0,0,0,0,0,0,0,0
236,950.418,3.419,0,0,0,0,1,0,0,0,0,0,0,0,0,0,0,0,0,0
237,794.184,3.053,1,0,0,0,0,0,0,0,0,0,1,0,0,0,0,0,0,0
238,963.429,3.582,0,1,0,0,0,0,0,1,0,0,0,0,0,0,0,0,0,0
239,924.397,3.305,0,0,0,0,1,0,0,1,0,0,0,0,0,0,0,0,0,0
240,924.397,3.777,0,0,0,0,0,0,0,1,0,0,0,0,1,0,0,0,0,0
241,963.429,3.073,0,0,0,0,1,0,0,0,0,0,0,0,0,0,0,0,0,0
242,924.397,3.267,1,1,0,0,1,0,0,0,0,0,0,0,0,0,0,0,0,0
243,781.173,2.934,0,0,0,0,1,0,0,0,0,0,0,1,0,1,0,0,0,0
244,533.792,3.833,0,0,0,0,1,0,0,0,0,0,0,0,1,1,0,1,0,0
245,974.301,3.201,0,0,0,0,1,0,0,0,0,0,0,0,0,0,0,0,0,0
246,974.301,3.390,0,0,0,0,0,0,0,1,0,0,0,0,0,0,0,0,0,0
247,982.783,3.749,1,0,0,0,0,0,0,0,0,0,0,0,0,0,1,1,0,0
248,950.418,3.388,0,0,0,0,0,0,0,1,0,0,0,0,0,0,0,0,0,0
249,950.418,3.402,0,0,0,0,0,0,1,0,0,0,0,0,0,0,0,0,0,0
250,990.021,3.209,0,0,0,0,0,0,0,0,0,0,0,0,0,1,0,0,0,0
251,598.881,3.218,0,1,0,0,0,0,0,0,0,0,0,0,0,0,1,0,0,0
252,755.116,4.045,0,0,0,0,0,0,0,1,0,0,0,0,0,0,0,0,0,0
253,968.062,3.462,0,0,0,0,0,0,0,1,0,0,0,0,0,0,0,0,0,0
254,969.808,2.510,0,0,0,0,1,1,0,0,0,0,0,0,0,0,0,0,0,0
255,989.486,3.402,0,0,0,0,0,0,0,1,0,0,0,0,0,1,0,0,0,0
256,911.351,3.923,0,0,1,0,1,0,0,0,0,0,0,0,0,0,0,0,0,0
257,572.860,3.792,1,0,0,0,0,0,0,0,0,0,0,0,0,0,0,0,0,1
258,973.551,3.333,0,0,0,0,0,0,0,1,0,0,0,0,0,0,0,0,0,0
259,937.408,3.529,0,0,0,0,0,0,0,1,0,0,0,0,0,0,0,0,0,0
260,989.771,3.439,0,0,0,0,1,0,0,1,0,0,0,0,0,0,0,0,0,0
261,950.418,3.425,0,0,0,0,0,0,0,0,0,0,0,0,1,0,0,1,0,0
262,977.545,3.402,0,0,0,0,0,0,0,0,0,0,0,0,0,0,0,0,1,0
263,950.418,2.991,0,0,0,0,0,0,0,0,0,0,1,0,0,0,0,0,0,0
264,924.397,3.431,0,0,0,0,0,0,1,0,0,0,0,0,0,0,0,0,0,0
265,963.429,2.943,0,0,0,0,0,0,0,1,0,0,0,0,0,0,0,1,0,0
266,937.408,3.409,0,0,0,0,0,0,0,1,0,0,0,0,0,0,0,0,0,0
267,937.408,3.673,0,0,0,0,0,0,0,1,0,0,0,0,0,0,0,0,0,0
268,585.870,3.393,0,0,0,0,0,0,0,1,0,0,0,0,0,0,0,0,0,0
269,937.408,3.264,0,0,0,0,1,0,0,0,0,0,0,0,0,1,0,0,0,0
270,990.520,3.085,1,0,0,0,0,0,0,0,0,0,1,0,0,0,1,0,0,0
271,970.343,3.589,0,0,0,0,0,0,0,1,0,0,0,0,0,0,0,0,0,0
272,980.288,3.462,0,0,0,0,1,0,0,0,0,0,0,0,0,0,0,0,0,0
273,950.418,3.459,1,1,0,0,0,0,0,0,0,0,0,0,0,0,1,0,0,0
274,507.771,3.738,0,0,0,0,0,0,0,1,0,0,0,0,0,1,0,0,0,0
275,976.475,3.501,0,0,0,0,0,1,0,0,0,0,1,0,1,0,0,1,0,0
276,937.408,3.616,1,0,0,0,0,0,0,0,0,0,0,0,0,1,0,1,0,0
277,260.388,4.340,0,0,0,0,0,0,0,1,0,0,0,0,0,1,0,0,1,0
278,781.173,3.111,0,0,0,0,0,0,0,0,0,0,1,0,0,0,0,0,0,0
279,965.568,3.593,0,0,0,0,0,0,0,1,0,0,0,0,0,0,0,0,0,0
280,972.553,3.128,0,0,0,0,0,0,0,1,0,0,0,0,0,1,0,0,0,0
281,950.418,3.213,1,0,0,0,1,0,0,0,0,0,0,1,0,0,1,0,0,0
282,937.408,2.970,1,0,0,0,0,0,0,0,0,0,0,0,0,0,0,0,0,0
283,974.050,3.301,1,0,0,0,0,0,0,1,0,0,0,0,0,0,0,0,0,0
284,968.810,3.033,0,0,0,0,1,0,0,0,0,0,0,0,0,0,0,0,0,0
285,677.016,3.125,0,1,0,1,1,0,0,0,0,0,0,0,0,0,0,0,0,0
286,924.397,3.071,0,0,0,0,1,0,0,0,0,0,0,0,0,0,0,0,0,0
287,950.418,3.505,0,0,0,0,1,0,0,1,0,0,0,0,0,0,0,0,0,0
288,937.408,3.545,0,0,0,0,0,1,0,1,0,0,0,0,0,0,0,0,0,0
289,950.418,3.231,0,1,0,1,0,0,0,0,1,0,0,0,0,0,0,0,0,0
290,807.194,4.059,0,0,0,0,0,0,0,1,0,0,0,0,0,0,0,0,1,0
291,972.054,2.837,0,0,0,0,1,0,0,0,0,0,0,0,0,0,0,0,0,0
292,286.411,3.524,0,0,0,0,0,0,0,0,0,1,0,0,0,0,0,1,0,0
293,937.408,3.467,0,0,0,0,0,0,0,1,0,0,0,0,0,0,0,0,0,0
294,950.418,3.625,0,0,0,1,0,0,0,1,0,0,0,0,0,0,0,0,0,0
295,494.724,3.254,0,0,0,1,1,0,0,1,0,0,0,0,0,0,0,0,0,0
296,992.516,3.527,1,0,0,0,0,0,0,1,0,0,0,0,0,0,0,1,0,0
297,984.779,2.513,0,0,0,0,1,0,0,0,0,0,0,0,0,0,0,0,0,0
298,911.351,3.709,0,0,1,1,1,0,0,0,0,0,0,1,0,0,0,0,0,0
299,468.703,3.577,0,0,0,0,0,0,0,0,0,0,0,1,0,0,0,0,0,0
300,924.397,3.045,1,0,0,0,1,0,0,0,0,0,0,0,0,0,0,0,0,0
301,937.408,3.201,0,0,0,1,1,0,0,0,0,0,0,0,0,0,0,0,0,0
302,950.418,3.155,0,0,0,0,0,0,0,0,0,0,0,0,0,0,0,0,0,1
303,221.324,3.468,0,0,0,1,0,0,0,1,0,0,0,0,0,0,0,0,0,0
304,971.804,3.053,0,0,0,0,1,0,0,0,0,0,0,0,0,1,0,0,0,0
305,872.319,3.118,0,0,0,0,0,0,0,1,0,0,0,0,0,0,0,0,0,0
306,937.408,3.688,0,0,0,0,1,0,0,0,0,0,0,0,0,1,0,0,0,0
307,937.408,3.413,0,0,0,0,0,1,0,1,0,0,0,0,0,0,0,1,0,0
308,973.052,3.259,0,0,0,0,0,0,0,1,0,0,0,0,0,0,0,1,0,0
309,972.553,3.547,0,1,0,1,0,0,0,0,0,0,0,0,0,0,0,0,0,0
310,221.324,3.747,0,0,0,0,0,0,0,1,0,0,0,0,0,1,0,0,1,0
311,885.329,3.438,0,0,0,0,0,0,1,0,0,0,0,0,0,0,0,0,0,0
312,924.397,3.355,0,0,0,0,0,0,0,1,0,0,0,0,0,0,0,0,0,0
313,964.427,3.753,0,0,0,0,0,0,0,1,0,0,0,0,0,0,0,0,0,0
314,978.792,2.579,0,0,0,1,1,0,0,0,0,0,0,0,0,0,0,0,0,0
315,982.534,3.345,0,0,0,0,0,0,0,0,0,0,0,0,0,0,1,0,0,0
316,982.534,3.545,0,0,0,0,0,0,0,1,0,0,0,0,0,0,0,0,0,0
317,911.351,3.333,0,0,0,0,0,0,0,1,0,0,0,0,0,0,0,0,0,0
318,624.938,3.952,0,0,0,0,0,0,0,1,0,0,0,0,0,0,0,0,1,0
319,937.408,3.856,0,0,0,0,1,0,0,0,0,0,0,0,0,0,0,0,0,0
320,950.418,3.671,0,0,0,0,0,0,0,1,0,0,0,0,0,1,0,0,0,0
321,976.475,3.140,1,0,0,0,0,0,0,0,0,0,0,0,0,0,0,1,0,0
322,781.173,3.839,0,0,0,1,0,0,0,1,1,0,0,0,0,0,1,0,0,0
323,991.019,3.666,0,0,0,0,1,0,0,0,0,0,0,0,0,1,0,0,0,0
324,950.418,3.465,0,0,0,0,1,0,0,0,0,0,0,0,0,0,0,0,0,0
325,972.802,3.355,0,0,0,0,0,0,0,1,0,0,0,0,0,0,0,0,0,0
326,963.429,3.462,0,0,0,0,1,0,0,1,0,0,0,0,0,0,0,0,0,0
327,937.408,3.332,0,0,0,0,0,0,0,0,0,0,0,0,0,1,0,0,0,0
328,950.418,3.495,0,0,0,0,0,1,0,1,0,0,0,0,0,0,0,1,0,0
329,973.551,3.490,0,0,0,0,0,0,0,1,0,0,0,0,0,0,0,0,1,0
330,872.319,3.422,1,1,0,0,0,1,0,1,0,0,0,0,0,0,0,0,0,0
331,364.547,3.964,0,0,0,0,0,0,0,0,0,1,0,0,0,0,0,0,0,0
332,937.408,3.347,0,0,0,0,1,0,0,0,0,0,0,0,0,0,0,0,0,0
333,898.340,3.948,1,0,0,0,0,0,0,0,0,0,0,0,0,0,1,1,0,0
334,924.397,3.438,0,0,0,0,1,0,0,0,0,0,0,0,0,0,0,0,0,0
335,924.397,3.374,0,0,0,0,0,0,0,1,0,0,0,0,0,0,0,1,0,0
336,286.411,3.842,0,0,0,0,0,1,0,0,0,1,0,0,1,0,0,0,0,0
337,924.397,3.332,0,0,0,0,1,0,0,0,0,0,0,0,0,0,0,0,0,0
338,946.603,3.459,0,0,0,0,0,0,0,1,0,0,0,0,0,0,0,0,0,0
339,967.313,3.306,0,0,0,0,1,0,0,0,0,0,0,0,0,1,0,0,0,0
340,981.536,3.027,1,1,0,0,0,0,0,0,0,0,0,0,0,0,1,1,0,0
341,965.318,3.402,1,1,0,0,0,1,0,0,0,0,0,0,0,0,0,0,0,0
342,833.251,3.141,1,0,1,1,0,0,0,0,0,0,0,0,0,0,1,1,1,0
343,924.397,3.196,1,0,0,0,0,0,0,1,0,0,0,0,0,0,0,0,0,0
344,950.418,3.591,0,0,0,0,0,0,0,1,0,0,0,0,0,0,0,0,0,0
345,898.340,4.043,0,0,0,0,0,0,0,1,0,0,0,0,0,0,0,0,0,0
346,950.418,3.211,0,0,0,0,0,0,0,1,0,0,0,0,0,0,0,0,0,0
347,911.351,3.372,1,0,0,0,0,0,0,0,0,0,0,0,0,0,0,0,0,0
348,195.302,3.751,0,0,1,1,0,0,0,0,0,0,0,1,0,0,0,0,0,0
349,937.408,3.431,0,0,0,0,0,0,0,1,0,0,0,0,0,0,0,0,0,0
350,546.803,3.706,0,0,0,1,1,0,0,0,0,0,0,1,0,0,0,0,0,0
351,976.475,3.620,0,0,0,0,1,0,0,0,0,0,0,0,0,0,0,0,0,0
352,976.475,3.505,0,0,0,0,0,0,0,1,0,0,0,0,0,0,0,0,0,0
353,598.881,3.506,0,0,0,0,0,0,0,1,0,0,0,0,0,0,0,0,0,0
354,937.408,3.185,0,0,0,0,1,0,0,1,0,0,0,0,0,0,0,0,0,0
355,976.475,3.414,0,0,0,0,0,0,0,1,0,0,0,0,0,0,0,0,0,0
356,983.033,3.129,0,0,0,0,1,0,0,0,0,0,0,0,0,0,0,0,0,0
357,988.987,3.332,0,0,0,0,0,0,0,1,0,0,0,0,0,0,0,0,1,0
358,976.475,3.045,0,0,0,1,1,0,0,0,1,0,0,0,0,0,0,0,0,0
359,982.035,3.419,0,0,0,0,0,0,0,1,0,0,0,0,0,1,0,0,0,0
360,950.418,3.231,0,0,0,0,1,0,0,0,0,0,0,0,0,0,0,0,0,0
361,979.541,3.185,1,1,0,1,0,0,0,0,0,0,0,0,0,0,0,0,0,0
362,966.814,4.241,0,0,1,0,0,0,0,0,0,0,0,0,0,0,0,0,0,0
363,990.520,3.545,0,0,0,0,0,0,0,1,0,0,0,0,0,0,0,0,0,0
364,976.796,3.529,0,0,0,0,0,0,0,1,0,0,0,0,0,0,0,0,0,0
365,980.787,3.302,0,0,0,0,1,0,0,0,0,0,0,0,0,0,0,0,0,0
366,937.408,3.506,0,0,0,0,1,0,0,1,0,0,0,0,0,0,0,0,0,0
367,950.418,3.438,0,0,0,0,0,0,0,0,0,0,0,0,0,0,0,1,0,0
368,377.557,3.606,0,0,1,1,0,0,0,0,0,0,0,1,0,0,0,0,0,0
369,911.351,2.965,0,0,0,0,0,0,0,0,0,0,1,0,0,0,0,0,0,0
370,468.703,3.658,0,0,0,0,0,1,0,0,0,1,0,0,0,0,0,1,0,0
371,975.050,2.884,0,1,0,1,1,0,0,0,0,0,0,0,0,0,0,0,0,0
372,969.844,3.575,0,0,0,0,0,0,0,1,0,0,0,0,0,1,0,0,0,0
373,964.819,3.263,0,0,0,0,0,0,1,0,0,0,0,0,0,0,0,0,0,0
374,924.397,3.324,0,0,0,0,0,0,0,1,0,0,0,0,0,1,0,0,0,0
375,950.418,3.771,0,0,0,0,0,1,0,0,0,0,0,0,0,0,0,1,0,0
376,312.468,4.063,0,0,0,0,0,0,0,1,0,0,0,0,0,0,0,0,0,0
377,924.397,3.045,0,0,0,0,1,0,0,0,0,0,0,0,0,0,0,0,0,0
378,950.418,3.933,0,0,0,0,0,0,0,1,0,0,0,0,0,1,0,0,0,0
379,208.313,3.806,0,0,0,0,1,0,0,0,0,0,0,0,0,0,0,0,0,0
380,742.105,3.644,0,0,0,0,0,0,0,1,0,0,0,0,0,0,0,0,0,0
381,924.397,3.110,0,0,0,0,0,0,0,0,0,0,1,0,0,0,0,0,0,0
382,989.771,3.305,0,0,0,0,1,0,0,0,0,0,0,0,0,0,0,0,0,0
383,351.536,3.578,0,0,0,0,0,0,0,0,0,0,0,1,0,0,0,0,0,0
384,429.635,3.790,0,0,0,0,1,0,0,0,0,0,0,0,0,1,0,1,0,0
385,742.105,3.620,0,0,0,0,1,0,0,0,0,0,0,0,0,0,0,0,0,0
386,468.703,4.202,0,0,0,0,0,0,0,0,0,0,0,0,1,0,0,1,0,0
387,966.316,3.647,0,0,0,0,1,0,0,0,0,0,0,0,0,0,0,0,0,0
388,950.418,3.462,0,0,0,0,0,0,0,0,0,0,1,0,0,0,0,1,0,0
389,937.408,3.438,0,0,0,0,1,0,0,0,0,0,0,0,0,0,0,0,0,0
390,273.401,3.438,0,0,0,0,0,0,0,0,0,0,0,0,0,0,0,0,0,1
391,984.031,2.709,1,1,0,0,0,0,0,0,0,0,0,0,0,0,1,1,0,0
392,965.853,3.333,1,0,0,0,0,0,0,0,0,0,0,0,0,0,0,1,0,0
393,990.769,3.436,1,0,0,0,0,0,0,0,0,0,0,0,0,0,0,1,0,0
394,677.016,3.544,0,0,0,0,1,0,0,0,0,0,0,0,0,0,0,0,0,0
395,742.105,4.033,0,0,0,0,0,0,0,1,0,0,0,0,0,0,0,0,1,0
396,980.787,3.332,1,0,0,0,0,1,0,0,0,0,0,0,0,1,0,0,0,0
397,982.534,3.376,0,0,0,0,1,0,0,0,0,0,0,0,0,1,0,0,0,0
398,950.418,3.422,0,0,0,0,1,0,0,0,0,0,0,0,0,0,0,0,0,0
399,976.475,3.472,0,0,0,0,0,1,0,1,0,0,0,0,0,0,0,1,0,0
400,924.397,3.529,1,0,0,0,0,1,0,1,0,0,0,0,0,0,0,0,0,0
401,972.553,3.505,0,0,0,0,1,0,0,1,0,0,0,0,0,0,0,0,0,0
402,911.351,3.929,0,0,0,0,1,0,0,0,0,0,0,0,0,1,0,0,0,0
403,872.319,3.554,1,1,0,0,0,0,0,0,0,0,0,0,0,0,1,1,0,0
404,980.787,3.305,0,0,0,0,0,0,0,1,0,0,0,0,0,0,0,0,0,0
405,677.016,3.917,0,0,0,0,1,0,0,0,0,0,1,0,0,0,0,0,0,0
406,937.408,3.311,0,0,0,0,0,0,0,0,0,0,0,0,0,0,0,1,0,0
407,937.408,3.554,1,0,0,0,1,0,0,0,0,0,0,0,0,0,0,0,0,0
408,937.408,3.313,1,1,0,0,0,0,0,0,0,0,0,0,0,0,1,0,0,0
409,990.021,3.723,0,1,0,1,0,0,0,0,1,0,0,0,0,0,1,0,0,0
410,992.053,3.401,0,0,0,0,0,1,0,1,0,0,0,0,1,0,0,1,0,0
411,967.063,3.549,0,0,0,0,0,0,0,1,0,0,0,0,0,0,0,0,0,0
412,973.052,3.468,0,0,0,0,0,0,0,1,0,0,0,0,0,0,0,1,0,0
413,976.475,3.877,0,0,0,0,0,0,0,1,0,0,0,0,0,1,0,0,0,0
414,950.418,3.091,0,0,0,0,1,0,0,0,0,0,0,0,0,0,0,0,0,0
415,950.418,2.766,0,0,0,0,1,0,0,0,0,0,1,0,0,0,0,0,0,0
416,970.307,3.554,0,0,0,0,1,0,0,0,0,0,0,0,0,0,0,0,0,0
417,989.771,3.262,1,1,0,0,0,0,0,0,0,0,0,0,0,0,0,1,0,0
418,937.408,3.521,0,0,0,0,1,0,0,0,0,0,0,0,0,0,0,0,0,0
419,974.230,3.273,0,0,0,0,0,0,0,1,0,0,0,0,0,0,0,0,0,0
420,984.779,3.089,0,0,0,0,0,0,0,1,0,0,0,0,0,1,0,0,0,0
421,924.397,3.485,0,0,0,0,0,0,0,1,0,0,0,0,0,0,0,0,0,0
422,976.796,3.269,1,0,0,0,0,0,0,0,0,0,0,0,0,0,0,0,0,0
423,950.418,2.866,1,1,0,0,0,0,0,0,0,0,0,0,1,0,1,0,0,0
424,494.724,3.886,0,0,0,0,1,0,0,1,0,0,0,0,0,0,0,0,0,0
425,924.397,3.951,0,0,0,0,0,0,0,1,0,0,0,0,0,0,0,0,0,0
426,898.340,3.636,0,0,0,0,1,0,0,1,0,0,0,0,0,0,0,0,0,0
427,963.429,3.549,0,0,0,0,1,0,0,1,0,0,0,0,0,0,0,0,0,0
428,950.418,3.574,0,0,0,0,0,0,1,0,0,0,0,0,0,0,0,0,0,0
429,950.418,3.050,0,0,0,0,0,0,0,0,0,0,0,0,0,0,1,1,0,0
430,690.027,3.182,0,0,0,1,1,0,0,0,0,0,0,0,0,0,0,0,0,1
431,982.284,3.460,0,0,0,0,0,0,0,1,0,0,0,0,0,1,0,0,0,0
432,924.397,3.507,0,0,0,0,1,0,0,1,0,0,0,0,0,0,0,0,0,0
433,971.056,3.068,0,0,0,0,1,0,0,0,0,0,0,0,0,0,0,0,0,0
434,924.397,3.394,0,0,0,0,0,0,0,1,0,0,0,0,0,0,0,0,0,1
435,976.475,3.427,0,0,1,1,0,0,0,0,0,0,0,1,0,0,0,0,0,0
436,325.479,3.652,0,0,0,0,0,1,0,0,0,1,0,0,0,0,0,0,0,0
437,885.329,3.400,0,0,0,0,0,0,0,1,0,0,0,0,0,0,0,0,0,0
438,973.301,3.161,0,0,0,1,1,0,0,0,0,0,0,0,0,0,0,0,0,0
439,965.568,3.451,0,0,0,0,0,0,0,1,0,0,0,0,0,0,0,0,0,0
440,979.470,3.085,0,0,1,1,0,0,0,0,0,0,0,1,0,0,0,0,0,0
441,975.050,3.883,0,0,0,0,0,0,0,1,0,0,0,0,0,1,0,0,0,0
442,911.351,3.443,1,0,0,0,0,0,0,1,0,0,0,0,0,0,0,0,0,0
443,950.418,3.376,0,0,0,0,1,0,0,1,0,0,0,0,0,0,0,0,0,0
444,742.105,2.833,0,0,0,0,0,0,0,0,0,0,1,0,0,0,0,0,0,0
445,846.262,3.114,0,0,0,0,0,0,0,0,0,0,1,0,0,0,0,1,0,0
446,234.334,4.007,0,0,0,0,1,0,0,0,0,0,0,0,0,1,0,0,0,0
447,924.397,3.255,1,0,0,0,0,0,0,1,0,0,0,0,0,0,0,0,1,0
448,442.646,3.672,0,0,0,0,0,0,0,0,0,0,0,0,0,0,1,0,0,0
449,885.329,3.183,0,0,0,1,1,0,0,0,0,0,0,0,0,0,0,0,0,0
450,937.408,3.460,0,0,0,0,0,0,0,1,0,0,0,1,0,0,0,0,0,0
451,937.408,3.215,0,0,0,0,0,0,0,0,0,0,0,0,0,0,0,0,0,1
452,937.408,3.393,0,0,0,0,0,0,0,1,0,0,0,0,0,0,0,0,0,0
453,937.408,3.214,0,0,0,0,0,0,0,1,0,0,1,0,0,0,0,0,0,0
454,937.408,3.529,0,0,0,0,0,0,0,1,0,0,0,0,0,1,0,0,1,0
455,972.553,3.332,1,1,0,0,0,0,0,0,0,0,0,0,0,0,0,1,0,0
456,950.418,3.416,0,0,0,0,1,0,0,1,0,0,0,0,0,0,0,0,0,0
457,975.228,3.305,0,0,0,0,0,0,0,1,0,0,0,0,0,0,0,0,0,0
458,924.397,3.332,0,0,0,0,0,0,0,0,0,0,0,0,0,0,0,0,1,0
459,973.551,3.532,0,0,0,0,0,0,1,0,0,0,0,0,0,0,0,0,0,0
460,990.021,3.271,1,0,0,0,0,0,0,0,0,0,0,0,0,0,0,1,0,0
461,972.303,3.839,0,0,0,0,0,0,0,1,0,0,0,0,0,0,0,0,0,0
462,975.050,4.053,0,0,0,0,0,0,0,1,0,0,0,0,0,0,0,1,0,0
463,979.042,3.289,0,0,0,0,0,1,0,0,0,0,0,0,0,0,0,1,0,0
464,924.397,3.460,0,0,0,0,1,0,0,0,0,0,0,0,0,1,0,0,0,0
465,585.870,4.049,0,0,0,0,0,0,0,1,0,0,0,0,0,1,0,0,0,0
466,976.475,3.332,0,0,0,0,0,0,0,1,0,0,0,0,0,0,0,0,0,0
467,937.408,3.837,0,0,0,0,0,1,0,1,0,0,0,0,0,0,0,0,0,0
468,924.397,3.416,0,0,0,0,0,0,0,1,0,0,0,0,0,0,0,0,0,0
469,976.297,3.148,0,0,0,0,0,0,0,1,0,0,0,0,0,0,0,0,0,0
470,974.800,3.656,0,0,0,0,0,0,0,1,0,0,0,0,0,0,0,0,0,0
471,966.814,3.636,0,0,0,0,0,0,0,1,0,0,0,0,0,0,0,0,0,0
472,976.475,2.816,0,0,0,0,1,0,0,0,0,0,0,1,0,0,0,0,0,0
473,950.418,3.483,0,0,0,0,1,0,0,0,0,0,0,0,0,0,0,0,0,0
474,950.418,3.357,0,0,0,0,0,0,0,1,0,0,0,0,0,0,0,0,0,0
475,937.408,3.899,0,0,0,0,0,0,0,1,0,0,0,0,0,0,0,0,0,0
476,156.235,3.666,0,0,0,0,1,0,0,0,0,0,0,1,0,1,0,0,0,0
477,971.804,2.761,0,0,0,0,1,0,0,0,0,0,0,0,0,0,0,0,0,0
478,950.418,3.297,1,0,0,0,0,0,0,0,0,0,0,0,0,0,0,0,0,0
479,984.031,3.666,0,0,0,0,0,0,0,1,0,0,0,0,0,0,0,0,0,0
480,911.351,3.438,0,0,0,0,0,0,0,1,0,0,0,0,0,0,0,0,0,0
481,937.408,3.488,0,0,0,0,0,0,0,1,0,0,0,0,0,0,0,0,0,0
482,950.418,3.425,0,1,0,1,0,0,0,0,0,0,0,0,0,0,0,0,0,0
483,973.800,3.794,0,0,0,0,1,0,0,1,0,0,0,0,0,0,0,0,0,0
484,967.063,3.289,0,0,0,0,1,0,0,0,0,0,0,0,0,0,0,0,0,0
485,967.562,3.371,0,0,0,0,0,0,0,1,0,0,0,0,0,0,0,0,0,0
486,950.418,3.271,1,1,0,0,0,0,0,0,0,0,0,0,0,0,0,1,0,0
487,937.408,3.557,1,1,0,0,1,0,0,0,0,0,0,0,0,1,0,0,0,0
488,991.019,3.431,0,0,0,0,0,0,1,0,0,0,0,0,0,0,0,0,0,0
489,975.869,3.288,0,0,0,0,0,0,0,1,0,0,0,0,0,0,0,0,0,0
490,964.570,3.172,0,0,0,1,0,0,0,0,1,0,0,0,0,0,0,0,0,0
491,991.268,3.529,0,0,0,0,1,0,0,0,0,0,0,0,0,1,0,0,0,0
492,872.319,3.749,0,0,0,0,0,0,0,1,0,0,0,0,0,0,0,0,0,0
493,950.418,3.557,0,0,0,0,1,0,0,0,0,0,0,0,0,1,0,0,0,0
494,950.418,3.063,1,0,0,0,0,0,0,0,0,0,0,0,0,0,0,0,0,0
495,966.743,3.455,0,0,0,0,1,0,0,0,0,0,0,0,0,0,0,0,0,0
496,937.408,3.209,0,1,0,1,0,0,0,0,0,0,0,0,0,0,0,0,0,0
497,937.408,3.246,1,0,0,0,1,0,0,0,0,0,0,0,0,0,0,0,0,0
498,937.408,3.385,0,0,0,0,1,0,0,0,0,0,0,0,0,1,0,0,0,0
499,950.418,3.505,0,0,0,0,0,0,0,1,0,0,0,0,0,0,0,0,0,0
500,937.408,3.051,1,0,0,0,0,0,0,0,0,0,0,0,0,0,0,1,0,0
501,979.291,3.357,0,0,0,0,0,0,0,1,0,0,0,1,0,0,0,0,0,0
502,965.069,2.969,1,1,0,0,1,0,0,0,0,0,0,1,0,0,0,1,0,0
503,937.408,3.283,0,0,0,0,1,0,0,0,0,0,0,0,0,0,0,0,0,0
504,990.270,3.523,0,0,0,0,0,0,0,1,0,0,0,0,0,0,0,0,0,0
505,924.397,3.147,1,1,0,0,0,1,0,0,0,0,0,0,0,0,0,0,0,0
506,807.194,3.946,1,0,0,0,0,0,0,0,0,0,0,0,0,0,1,1,0,0
507,872.319,3.997,0,0,0,0,0,0,0,1,0,0,0,0,0,0,0,0,1,0
508,950.418,3.257,0,1,0,1,0,0,0,0,0,0,0,0,0,0,0,0,0,0
509,976.475,3.324,1,0,0,0,0,0,0,0,0,0,0,0,0,0,0,1,1,0
510,977.794,3.040,1,0,0,0,0,0,0,0,0,0,0,0,0,0,0,1,0,0
511,980.038,2.836,1,1,0,0,0,0,0,0,0,0,0,0,0,0,0,1,0,0
512,885.329,3.742,1,0,0,0,0,0,0,0,0,0,0,0,0,0,0,1,0,0
513,982.284,3.666,0,0,0,0,1,0,0,1,0,0,0,0,0,1,0,0,0,0
514,937.408,3.462,1,0,0,0,0,0,0,0,0,0,0,0,0,0,0,0,0,0
515,965.817,3.260,0,1,0,1,0,0,0,0,0,0,0,0,0,0,0,0,0,0
516,950.418,3.394,0,0,0,0,1,0,0,0,0,0,0,0,0,0,0,0,0,0
517,950.418,3.408,0,0,0,0,0,0,0,1,0,0,0,0,0,0,0,0,0,0
518,976.475,3.267,0,0,0,0,0,0,0,0,0,0,0,0,0,1,0,1,0,0
519,937.408,3.382,0,0,0,0,1,0,0,0,0,0,0,0,0,1,0,0,0,0
520,950.418,3.544,0,0,0,0,0,0,0,1,0,0,0,0,0,1,0,0,0,0
521,976.475,2.833,0,0,0,1,1,0,0,0,0,0,0,0,0,0,0,0,0,0
522,924.397,3.570,0,0,0,1,1,0,0,0,0,0,0,1,0,0,0,0,0,0
523,924.397,3.447,0,0,0,0,1,0,0,0,0,0,0,0,0,0,0,0,0,0
524,937.408,3.385,0,0,0,0,1,0,0,0,0,0,0,0,0,0,0,0,0,0
525,924.397,3.459,0,0,0,0,0,0,0,1,0,0,0,0,0,1,0,0,0,0
526,937.408,3.568,0,0,0,0,0,0,0,1,0,0,0,0,0,0,0,0,0,0
527,978.293,3.587,0,0,0,0,0,0,0,1,0,0,0,0,0,0,0,0,0,0
528,969.559,3.972,0,0,0,0,0,0,0,1,0,0,0,0,1,0,0,0,0,0
529,975.976,3.653,0,0,0,0,0,0,0,1,0,0,0,0,0,0,0,0,0,0
530,950.418,3.483,0,0,0,0,0,0,0,1,0,0,0,0,0,1,0,0,0,0
531,950.418,3.410,0,0,0,0,1,0,0,0,0,0,0,0,0,0,0,0,0,0
532,976.226,3.505,0,0,0,0,0,1,0,1,0,0,0,0,0,1,0,0,0,0
533,980.288,2.597,0,0,0,0,1,0,0,0,0,0,0,0,0,0,0,0,1,0
534,963.429,3.431,0,0,0,0,0,0,0,1,0,0,0,0,0,0,0,0,0,0
535,885.329,3.752,1,0,0,0,0,0,0,1,0,0,0,0,0,1,0,0,0,0
536,325.479,3.425,0,0,0,0,0,0,0,0,0,0,0,0,0,0,0,0,0,1
537,967.562,3.292,0,0,0,0,0,0,0,1,0,0,1,0,0,0,0,0,0,0
538,650.959,4.236,1,0,0,0,0,1,0,1,0,0,0,0,0,0,0,0,0,0
539,598.881,3.416,0,0,0,0,0,0,0,0,0,0,1,0,0,0,1,0,0,0
540,937.408,3.290,0,0,0,0,1,0,0,1,0,0,0,0,0,1,0,0,0,0
541,924.397,3.419,0,0,0,0,0,0,0,1,0,0,0,0,0,0,0,0,0,0
542,937.408,3.620,0,0,0,0,0,0,0,1,1,0,0,0,0,0,0,1,0,0
543,924.397,3.791,0,0,0,0,0,0,0,1,0,0,0,0,0,0,0,0,0,0
544,937.408,3.288,0,0,0,0,1,0,0,0,0,0,0,0,0,0,0,0,0,0
545,950.418,3.061,0,0,0,0,1,0,0,0,0,0,0,0,0,1,0,0,0,0
546,969.060,3.459,0,0,0,0,0,0,1,0,0,0,0,0,0,0,0,0,0,0
547,768.162,3.696,1,0,0,0,0,0,0,1,0,0,0,0,1,1,0,1,0,0
548,247.378,4.185,0,0,0,0,0,0,0,1,0,0,0,0,0,0,0,0,0,0
549,976.475,3.178,1,0,0,0,0,0,0,0,0,0,0,0,0,0,0,1,0,0
550,650.532,3.709,0,0,0,0,0,0,0,1,0,0,0,0,0,0,0,0,0,0
551,963.429,3.532,0,0,0,1,0,0,0,0,0,0,0,0,0,0,0,0,0,0
552,967.313,2.885,0,0,0,0,1,0,0,0,0,0,0,0,0,0,0,0,0,0
553,980.537,3.443,0,0,0,0,0,0,0,1,0,0,0,0,0,0,0,0,0,0
554,977.046,3.196,1,0,0,0,0,0,0,0,0,0,0,0,0,0,0,0,0,0
555,989.450,3.426,0,0,0,0,0,0,0,1,0,0,0,0,0,1,0,0,0,0
556,937.408,2.965,0,0,0,0,0,0,0,1,0,0,1,0,0,0,0,0,0,0
557,979.541,3.345,0,0,0,0,0,0,0,0,0,0,0,0,0,1,0,0,0,0
558,104.157,3.695,0,0,0,0,0,0,0,1,0,0,0,0,0,0,0,0,0,0
559,969.060,3.764,0,0,0,0,0,0,0,1,0,0,0,0,0,0,0,0,0,0
560,962.930,3.530,0,0,0,0,0,0,0,1,0,0,0,0,0,0,0,0,0,0
561,716.084,3.070,0,1,1,1,0,0,0,0,0,0,0,1,0,0,0,0,0,0
562,958.437,4.278,0,0,0,0,0,1,0,0,0,0,0,0,0,0,0,1,0,0
563,950.418,3.129,0,0,0,0,0,0,0,0,0,0,1,0,0,0,0,0,0,0
564,990.520,3.438,0,0,0,0,0,1,0,1,0,0,0,0,0,0,0,0,0,0
565,781.173,3.343,0,0,0,0,1,0,0,0,0,0,0,1,0,0,0,0,0,0
566,976.475,3.881,0,0,0,0,0,0,0,1,0,0,0,0,0,1,0,0,0,0
567,862.408,3.184,0,0,1,1,0,0,0,0,0,0,0,0,0,0,0,0,0,0
568,533.792,3.821,0,0,0,0,0,0,0,0,0,0,1,0,0,0,0,0,0,0
569,820.240,3.670,0,0,0,0,1,0,0,0,0,0,0,0,0,0,0,0,0,0
570,872.319,2.856,0,0,0,0,1,0,0,0,0,0,0,0,0,0,0,0,0,0
571,950.418,3.462,0,0,0,0,0,0,0,1,0,0,0,0,0,0,0,0,0,0
572,182.256,3.754,0,0,0,0,1,0,0,0,0,0,0,0,0,0,0,0,0,0
573,833.251,3.451,1,1,0,0,0,0,0,0,0,0,0,0,0,0,1,0,0,0
574,429.635,3.791,0,0,0,0,0,0,0,1,0,0,0,0,0,0,0,0,0,0
575,975.050,3.664,1,1,0,0,0,0,0,0,0,0,0,0,0,0,1,0,0,0
576,937.408,3.034,1,0,0,0,0,0,0,0,0,0,0,0,0,0,0,0,0,0
577,937.408,3.727,0,0,0,0,0,0,0,1,0,0,0,0,0,0,0,0,0,0
578,950.418,3.892,0,0,0,0,0,0,0,1,0,0,0,0,0,0,0,0,0,0
579,950.418,3.262,1,1,0,0,0,0,0,1,0,0,0,0,0,1,0,0,0,0
580,846.262,3.495,1,1,0,0,1,0,0,0,0,0,1,0,0,0,0,0,0,0
581,924.397,3.401,0,0,0,0,1,0,0,0,0,0,0,0,0,0,0,0,0,0
582,325.479,3.503,0,0,0,0,0,0,0,1,0,0,0,0,0,1,0,0,0,0
583,978.792,3.402,0,0,0,0,0,0,0,1,0,0,0,0,0,0,0,0,0,0
584,981.536,3.507,0,0,0,0,0,0,0,1,0,0,0,0,0,0,0,0,0,0
585,677.016,4.086,0,0,0,0,0,0,0,0,0,1,0,0,1,0,0,1,0,0
586,937.408,3.967,0,0,0,0,0,0,1,0,0,0,0,0,0,0,0,0,0,0
587,924.397,3.483,0,0,0,0,0,0,0,1,0,0,0,0,1,1,0,0,0,0
588,937.408,3.835,0,0,0,0,0,0,0,0,0,0,0,0,0,0,0,1,0,0
589,833.251,3.886,1,0,0,0,0,0,0,0,0,0,0,0,0,0,1,1,1,0
590,976.475,3.182,0,0,0,0,0,0,0,0,0,0,0,0,0,0,0,1,0,0
591,911.351,3.762,0,0,0,0,0,0,0,1,0,0,0,0,0,1,0,0,0,0
592,937.408,3.393,0,0,0,0,0,0,0,1,0,0,0,0,0,0,0,0,0,0
593,989.272,3.457,0,0,0,0,1,0,0,1,0,0,0,0,0,0,0,0,0,0
594,690.027,3.951,0,1,0,0,0,0,0,0,0,0,0,0,0,0,0,0,0,0
595,950.418,3.166,0,0,0,0,0,1,0,1,0,0,0,0,0,0,0,1,0,0
596,964.819,3.534,0,0,0,0,0,0,0,1,0,0,0,0,0,0,0,0,0,0
597,976.475,3.393,0,0,0,0,1,0,0,1,0,0,0,0,0,0,0,0,0,0
598,950.418,3.072,0,0,0,0,1,0,0,0,0,0,0,0,0,0,0,0,0,0
599,965.568,3.333,0,0,0,0,1,0,0,0,0,0,0,0,0,0,0,0,0,0
600,807.194,3.150,1,1,0,0,0,0,0,0,0,0,0,0,0,0,1,0,0,0
601,156.235,3.806,0,0,0,0,1,0,0,0,0,0,0,0,0,0,0,0,0,0
602,781.173,3.524,0,0,0,0,1,0,0,0,0,0,0,0,0,0,0,0,0,0
603,950.418,3.879,0,0,1,1,1,0,0,0,0,0,0,0,0,0,0,0,0,0
604,982.534,3.487,0,0,0,0,1,0,0,0,0,0,0,0,0,1,0,0,0,0
605,973.800,3.454,0,0,0,0,0,1,0,1,0,0,0,0,0,0,0,0,0,0
606,937.408,3.245,0,0,0,0,1,0,0,0,0,0,0,0,0,0,0,0,0,0
607,985.777,3.341,0,0,0,0,1,0,0,0,0,0,0,0,0,0,0,0,0,0
608,973.301,3.793,0,0,0,0,0,1,0,1,0,0,0,0,0,1,0,1,0,0
609,950.418,3.636,0,0,0,0,0,0,0,1,0,0,0,0,0,0,0,1,1,0
610,937.408,3.554,0,0,0,0,0,0,0,1,0,0,0,0,0,0,0,1,0,0
611,911.351,3.108,0,0,0,0,1,0,0,0,0,0,0,0,0,1,0,0,0,0
612,950.418,3.517,0,0,0,0,1,0,0,0,0,0,0,0,0,0,0,0,0,0
613,977.295,3.447,0,0,0,0,0,0,0,0,0,0,0,0,0,1,0,0,1,0
614,885.329,3.566,0,0,0,0,0,0,0,1,0,0,0,0,0,0,0,0,0,0
615,976.475,3.239,0,0,0,0,0,0,0,1,0,0,0,0,0,0,0,0,0,0
616,924.397,3.470,0,0,0,0,0,0,0,1,0,0,0,0,0,0,0,0,0,0
617,885.329,3.858,0,0,0,0,1,0,0,1,0,0,0,0,0,0,0,0,0,0
618,950.418,3.091,0,0,0,0,0,0,0,1,0,0,0,0,0,0,0,0,0,0
619,182.256,3.394,0,0,0,0,0,0,0,1,0,0,0,0,0,0,0,0,0,0
620,950.418,3.911,0,0,0,1,1,0,0,1,0,0,0,0,0,0,0,0,0,0
621,976.475,2.945,0,0,0,0,1,0,0,0,0,0,0,0,0,0,0,0,0,0
622,950.418,3.567,0,0,0,0,1,0,0,0,0,0,0,0,0,0,0,0,0,0
623,981.286,3.289,0,0,0,0,0,0,0,1,0,0,0,0,0,0,0,0,0,0
624,971.555,3.256,0,0,0,0,1,0,0,0,0,0,0,0,0,1,0,0,0,0
625,950.418,3.479,0,0,0,0,0,0,0,0,0,0,0,0,1,0,0,1,0,0
626,983.033,3.332,0,0,0,0,0,0,0,1,0,0,0,0,0,0,0,0,0,0
627,937.408,3.164,0,0,0,0,1,0,0,0,0,0,0,0,0,0,0,0,0,0
628,974.050,3.466,0,0,0,0,1,0,0,1,0,0,0,0,0,1,0,0,0,0
629,755.116,3.461,0,0,0,0,0,0,0,1,0,0,0,0,0,1,0,0,0,0
630,967.812,3.371,0,0,0,0,0,0,0,1,0,0,0,0,0,0,0,0,0,0
631,970.307,3.568,0,0,0,0,0,0,0,0,0,0,0,0,0,1,0,0,0,0
632,978.293,3.393,0,0,0,0,1,0,0,1,0,0,0,0,0,0,0,0,0,0
633,950.418,3.650,0,0,0,0,0,0,0,1,0,0,0,0,0,0,0,0,0,0
634,984.779,3.293,1,0,0,0,1,0,0,0,0,0,0,0,0,0,0,0,0,0
635,585.870,3.721,0,0,0,0,0,1,0,1,0,0,0,0,0,0,0,0,0,0
636,989.236,3.625,0,0,0,0,0,0,0,1,0,0,0,0,0,0,0,0,0,0
637,950.418,3.419,0,0,0,0,0,0,0,0,0,0,0,0,1,0,0,1,0,0
638,937.408,3.459,0,0,0,0,0,0,0,1,0,0,0,0,0,0,0,0,0,0
639,982.783,3.277,0,0,0,0,0,0,0,1,0,0,0,0,0,0,0,0,0,0
640,950.418,3.741,0,0,0,0,0,0,0,1,0,0,0,0,0,0,1,0,0,0
641,971.804,3.263,0,0,0,0,0,0,0,1,0,0,0,0,0,0,0,0,0,0
642,971.804,3.576,0,0,0,0,0,1,0,0,0,0,0,0,0,0,0,0,0,0
643,966.316,3.233,0,0,0,0,1,0,0,0,0,0,0,0,0,0,0,0,0,0
644,924.397,3.760,0,0,0,0,1,0,0,0,0,0,0,0,0,1,0,0,0,0
645,677.016,3.961,0,0,0,0,1,0,0,0,0,0,0,0,0,0,0,0,0,0
646,312.468,3.942,0,0,0,0,0,0,0,0,0,1,0,0,0,1,0,1,0,0
647,937.408,3.554,0,0,0,0,0,0,0,1,0,0,0,0,0,0,0,0,0,0
648,980.288,3.486,0,0,0,0,0,0,0,1,0,0,0,0,0,0,0,0,1,0
649,983.033,3.371,0,1,0,1,0,0,0,0,0,0,0,0,0,0,0,0,0,0
650,969.559,3.205,1,0,0,0,0,0,0,0,0,0,0,0,0,0,0,1,0,0
651,972.553,3.080,0,0,0,0,0,0,0,0,0,0,0,0,0,0,0,1,0,0
652,299.458,3.504,0,0,0,0,0,0,0,0,0,0,1,0,0,0,0,0,0,0
653,768.162,3.491,0,0,0,0,0,0,0,1,0,0,0,0,0,0,0,0,0,0
654,937.408,3.385,0,0,0,0,1,0,0,1,0,0,0,0,0,0,0,0,0,0
655,981.037,3.430,1,0,0,0,0,0,0,0,0,0,0,0,0,0,1,0,0,0
656,970.557,3.602,0,0,0,0,1,0,0,0,0,0,0,0,0,0,1,0,0,0
657,924.397,3.512,0,0,0,0,0,0,0,1,0,0,0,0,0,0,0,0,0,0
658,768.162,4.218,1,1,0,0,0,0,0,0,0,0,0,0,0,0,0,0,0,0
659,977.545,3.914,0,0,0,0,1,0,0,0,0,0,0,0,0,0,0,0,0,0
660,963.429,3.289,0,0,0,0,1,0,0,0,0,0,0,0,0,1,0,0,0,0
661,978.044,3.273,0,0,0,0,1,0,0,0,0,0,0,0,0,1,0,0,0,0
662,937.408,3.289,0,0,0,0,0,0,0,0,0,0,1,0,0,0,0,1,0,0
663,677.016,3.438,0,0,0,0,0,0,0,0,0,0,1,0,0,0,0,0,0,0
664,950.418,3.235,0,0,0,0,1,0,0,0,0,0,0,0,0,1,0,0,0,0
665,911.351,3.465,0,0,0,0,0,0,0,0,0,0,1,0,0,0,0,0,0,0
666,924.397,3.040,0,0,0,0,1,0,0,0,0,0,0,0,0,0,0,1,0,0
667,976.475,2.844,0,1,0,0,0,0,0,0,0,0,0,0,0,1,0,0,0,0
668,911.351,3.228,0,0,0,0,0,0,0,0,0,0,0,0,1,0,0,1,0,0
669,950.418,3.212,0,0,0,0,1,0,0,0,0,0,0,0,0,0,0,0,0,0
670,982.783,3.485,0,0,0,0,0,0,0,1,0,0,0,0,0,0,0,0,0,0
671,937.408,2.955,0,0,0,0,1,0,0,0,0,0,0,0,0,0,0,0,0,1
672,966.067,3.678,0,0,0,0,0,0,1,0,0,0,0,0,0,0,0,0,0,0
673,937.408,3.142,0,0,0,0,1,0,0,1,0,0,0,0,0,0,0,0,0,0
674,885.329,3.345,1,0,0,0,0,0,0,0,0,0,0,0,0,0,0,1,0,0
675,807.194,3.519,0,0,0,0,0,1,0,1,0,0,0,0,0,0,0,1,0,0
676,985.136,3.483,1,0,0,0,1,1,0,1,0,0,0,0,0,0,0,0,0,0
677,977.295,3.665,0,0,0,0,0,0,0,1,0,0,0,0,0,0,0,0,0,0
678,976.475,3.198,1,0,0,0,0,0,0,0,0,0,1,0,0,0,1,0,0,0
679,976.475,3.393,0,0,0,0,0,0,0,1,0,0,0,0,0,0,0,0,0,0
680,963.429,3.347,0,0,0,0,0,0,0,1,0,0,0,0,0,0,0,0,0,0
681,950.418,3.431,0,0,0,0,0,0,0,1,0,0,0,0,0,1,0,0,0,0
682,978.044,3.420,0,0,0,0,0,0,0,0,0,0,0,0,1,0,0,1,0,0
683,981.536,3.305,0,0,0,0,0,0,0,1,0,0,0,0,0,0,0,0,0,0
684,937.408,3.347,0,0,0,0,1,0,0,0,0,0,0,0,0,0,1,0,0,0
685,937.408,3.305,0,0,1,1,0,0,0,0,0,0,0,0,0,0,0,0,0,0
686,924.397,3.176,0,0,0,0,1,0,0,0,0,0,0,0,0,0,0,0,0,0
687,937.408,3.345,0,0,0,0,0,0,0,1,0,0,0,0,0,0,0,1,0,0
688,972.054,2.536,1,0,0,0,0,0,0,0,0,0,0,0,0,0,0,1,0,0
689,973.052,3.257,0,0,0,0,0,1,0,0,0,0,0,0,0,0,0,0,0,0
690,982.035,3.361,1,1,0,0,0,0,0,0,0,0,0,0,0,0,0,1,0,0
691,247.378,4.149,0,0,0,0,0,0,0,0,0,1,0,0,1,0,0,0,0,0
692,937.408,3.486,0,0,0,0,1,0,0,0,0,0,0,0,0,1,0,0,0,0
693,963.429,3.310,0,0,0,0,0,0,0,1,0,0,0,0,0,0,0,1,0,0
694,976.475,3.244,1,1,0,0,0,0,0,0,0,0,0,0,0,0,1,0,1,0
695,981.286,3.506,0,0,0,0,1,0,0,0,0,0,0,0,0,0,0,0,0,0
696,970.557,3.505,0,0,0,0,1,0,0,0,0,0,0,0,0,0,0,0,0,0
697,981.785,3.438,0,0,0,0,0,0,0,1,0,0,0,0,0,1,0,0,0,0
698,972.588,3.112,0,0,0,0,1,0,0,0,0,0,0,0,0,0,0,0,0,0
699,979.291,3.558,0,0,0,0,0,0,0,0,0,0,0,0,1,0,0,0,0,0
700,978.293,3.146,0,0,0,0,0,0,0,0,0,0,0,0,1,0,0,0,0,0
701,976.475,3.630,1,0,0,0,0,0,0,0,0,0,0,0,0,0,0,1,0,0
702,937.408,3.506,0,0,0,0,1,0,0,1,0,0,0,0,0,0,0,0,0,0
703,968.062,3.681,0,0,0,0,0,0,0,0,0,0,0,0,0,0,0,0,0,1
704,416.625,3.745,0,0,0,0,1,0,0,0,0,0,0,0,0,1,0,0,0,0
705,690.027,3.676,1,0,0,0,0,0,0,0,0,0,1,0,0,0,0,0,0,0
706,974.729,3.620,0,0,0,0,0,0,0,1,0,0,0,0,0,0,0,0,0,0
707,971.056,3.749,0,0,0,0,0,0,0,1,0,0,0,0,0,1,0,0,0,0
708,937.408,3.225,1,1,0,0,0,0,0,0,0,0,0,0,0,0,0,1,0,0
709,976.048,3.465,0,0,0,0,0,0,0,0,0,0,1,0,0,0,0,1,0,0
710,937.408,3.559,1,0,0,0,0,0,0,0,0,0,0,0,0,1,0,1,0,0
711,924.397,3.066,0,0,0,0,1,0,0,0,0,0,0,0,0,0,0,0,0,0
712,351.536,4.025,0,0,0,0,0,0,0,0,0,0,0,0,1,0,0,1,0,0
713,950.418,3.273,0,0,0,0,0,0,0,0,0,0,1,0,0,0,0,0,0,0
714,468.703,3.401,0,1,0,0,0,0,0,1,0,0,0,0,0,0,0,0,0,0
715,117.167,3.812,0,0,0,0,0,1,0,0,0,1,0,0,0,0,0,1,0,0
716,846.262,3.837,0,0,0,0,1,0,0,0,0,0,0,0,0,0,0,0,0,0
717,950.418,3.075,1,1,0,0,0,0,0,0,0,0,0,0,0,0,0,0,0,0
718,966.316,3.353,0,0,0,0,0,0,0,1,0,0,0,0,0,0,0,0,0,0
719,965.568,3.269,0,0,0,0,0,0,0,1,0,0,0,0,0,1,0,0,0,0
720,974.729,3.367,0,0,0,0,1,0,0,0,0,0,0,0,0,0,0,0,0,0
721,982.534,2.723,1,1,0,0,0,1,0,0,0,0,0,0,0,0,0,0,0,0
722,807.194,3.545,0,0,0,0,0,0,0,1,0,0,0,0,0,0,0,0,0,0
723,983.282,4.011,0,0,0,0,1,0,0,0,0,0,0,0,0,0,0,0,0,0
724,859.272,3.987,0,0,0,0,1,0,0,1,0,0,0,0,0,1,0,0,0,0
725,969.309,3.438,0,0,0,0,0,0,0,1,0,0,0,0,0,0,0,0,0,0
726,156.235,3.901,0,0,0,0,0,0,0,0,0,0,0,0,1,0,0,0,0,0
727,980.537,3.462,0,0,0,0,0,0,0,1,0,0,0,0,0,0,0,0,0,0
728,950.418,3.411,0,0,0,0,0,0,0,0,0,0,0,0,0,0,0,1,0,0
729,965.318,3.375,0,0,0,0,0,0,0,0,0,0,0,0,0,0,1,1,0,0
730,973.480,3.632,0,0,0,0,0,0,0,1,0,0,0,0,0,1,0,0,0,0
731,937.408,3.666,0,0,0,0,0,0,1,0,0,0,0,0,0,0,0,0,0,0
732,755.116,3.232,0,0,0,0,1,0,0,0,0,0,0,0,0,0,0,0,0,0
733,937.408,3.229,1,0,0,0,1,0,0,0,0,0,0,0,0,0,0,0,0,0
734,911.351,3.655,0,0,0,0,1,0,0,0,0,0,1,0,0,0,0,0,0,0
735,982.783,3.602,0,0,0,0,0,0,0,1,0,0,0,0,0,0,0,0,0,0
736,980.787,3.318,0,0,0,0,0,0,0,1,0,0,0,0,0,0,0,0,0,0
737,937.408,3.236,0,0,0,1,1,0,0,0,0,0,0,0,0,0,0,0,0,0
738,976.475,3.188,0,0,0,0,1,0,0,0,0,0,0,0,0,0,0,0,0,0
739,976.796,3.585,0,0,0,0,0,0,0,1,0,0,0,0,0,0,0,0,0,0
740,970.806,3.494,1,0,0,0,0,0,0,0,0,0,0,0,0,0,0,1,0,0
741,974.050,3.045,0,0,0,0,0,0,0,1,0,0,0,0,0,0,0,0,0,0
742,924.397,3.101,0,0,0,0,0,0,0,0,0,0,0,0,0,0,1,1,0,0
743,351.536,3.347,0,0,0,0,0,0,0,1,0,0,0,0,0,0,0,0,0,0
744,976.475,3.394,0,0,0,0,0,0,1,0,0,0,0,0,0,0,0,0,0,0
745,965.318,3.031,0,0,0,0,0,0,0,1,0,0,0,0,0,0,0,1,0,0
746,937.408,3.141,0,0,0,1,1,0,0,0,0,0,0,0,0,0,0,0,0,0
747,976.475,3.578,0,0,0,0,0,0,0,1,0,0,0,0,0,0,0,0,0,0
748,968.062,3.425,0,0,0,0,0,0,0,1,0,0,0,0,0,0,0,0,0,0
749,980.288,3.425,0,0,0,0,0,0,0,0,0,0,0,0,0,1,0,0,0,0
750,208.313,3.629,1,1,0,0,0,0,0,0,0,0,0,0,0,0,0,0,0,0
751,970.307,3.411,0,0,0,0,1,0,0,0,0,0,0,0,0,0,0,0,0,0
752,976.475,3.507,0,0,0,0,1,0,0,0,0,0,0,0,0,0,0,0,0,0
753,966.316,3.801,0,0,0,0,0,0,0,1,0,0,0,0,0,0,0,0,0,0
754,969.986,3.111,0,0,0,1,1,0,0,0,0,0,0,0,0,0,0,0,0,0
755,924.397,3.603,0,0,0,0,1,0,0,0,0,0,0,0,0,1,0,0,0,0
756,937.408,3.488,0,0,0,0,0,0,0,1,0,0,0,0,0,0,0,0,0,0
757,979.789,4.139,1,0,0,0,0,0,0,1,0,0,0,0,0,0,0,0,1,0
758,981.037,3.459,0,0,0,0,0,0,0,1,0,0,0,0,0,0,0,0,0,0
759,637.949,3.248,0,1,0,1,0,0,0,0,0,0,0,1,0,0,0,0,0,0
760,924.397,3.565,0,0,0,0,1,0,0,1,0,0,0,0,0,0,0,0,0,0
761,950.418,3.639,0,0,0,0,0,0,0,1,0,0,0,0,0,0,0,1,0,0
762,973.301,4.113,0,0,0,0,0,0,0,1,0,0,0,0,0,0,0,0,0,0
763,833.251,3.964,0,0,0,0,0,0,0,1,0,0,0,0,0,0,0,0,0,0
764,974.301,3.273,0,0,0,0,0,0,0,1,0,0,0,0,0,0,0,0,0,0
765,833.251,3.570,0,0,0,0,1,0,0,1,0,0,0,0,0,0,0,0,0,0
766,924.397,3.459,0,0,0,0,0,0,0,1,0,0,0,0,0,0,0,0,0,0
767,971.555,3.339,0,0,0,0,0,0,0,1,0,0,0,0,0,0,0,0,0,0
768,950.418,3.584,0,0,0,0,0,0,0,1,0,0,0,0,0,0,0,0,0,0
769,924.397,3.040,0,1,0,1,0,0,0,1,0,0,0,0,0,0,0,0,0,0
770,924.397,3.483,0,0,0,0,1,0,0,0,0,0,0,0,0,1,0,0,0,0
771,937.408,3.451,0,0,0,0,1,0,0,0,0,0,0,0,1,1,0,0,0,0
772,982.035,3.462,0,0,0,0,1,0,0,0,0,0,0,0,0,0,0,0,0,0
773,984.530,3.176,1,0,0,0,0,0,0,0,0,0,0,0,0,0,0,0,0,0
774,950.418,3.073,0,0,0,0,0,0,0,0,0,0,0,0,0,0,0,1,0,0
775,976.475,3.603,0,0,0,0,0,0,0,1,0,0,0,0,0,0,0,0,0,0
776,911.351,3.487,1,0,0,0,0,0,0,0,0,0,0,0,0,1,0,0,1,0
777,950.418,3.232,0,0,0,0,1,0,0,0,0,0,0,0,0,0,0,0,0,0
778,755.116,3.411,0,0,0,0,1,0,0,0,0,0,0,0,0,0,0,0,0,0
779,950.418,3.534,0,0,0,0,0,0,0,1,0,0,0,0,0,0,0,0,0,0
780,966.566,3.486,0,0,0,0,1,0,0,0,0,0,0,0,0,0,0,0,0,0
781,924.397,3.716,0,0,0,0,0,0,1,0,0,0,0,0,0,0,0,0,0,0
782,924.397,3.991,0,0,0,0,0,0,0,1,0,0,0,0,0,0,0,1,0,0
783,911.351,3.524,0,0,0,0,0,0,0,1,0,0,0,0,0,0,0,0,0,0
784,950.418,3.280,0,0,0,0,0,0,0,0,0,0,1,0,0,0,0,1,0,0
785,950.418,3.265,0,0,0,1,0,0,0,0,0,0,0,0,0,0,0,0,0,0
786,937.408,3.545,0,0,0,0,1,0,0,1,0,0,0,0,0,0,0,0,0,0
787,950.418,3.659,0,1,0,0,0,0,0,0,0,0,0,0,0,0,1,0,0,0
788,961.183,3.410,0,0,0,0,1,0,0,0,0,0,0,0,0,0,0,0,0,0
789,325.479,3.602,0,1,0,0,0,0,0,0,0,0,0,0,0,1,0,0,0,0
790,965.817,3.425,0,0,0,0,0,0,0,1,0,0,0,0,0,0,0,0,0,0
791,983.033,3.732,1,1,0,0,1,0,0,0,0,0,0,0,0,0,1,0,0,0
792,965.817,3.585,0,0,0,0,0,0,0,1,0,0,0,0,0,0,0,0,1,0
793,429.635,3.704,0,0,0,0,0,0,0,1,0,0,0,0,0,0,0,0,0,0
794,969.309,3.628,0,0,0,0,0,0,0,1,0,0,0,0,0,0,0,0,0,0
795,501.105,3.425,0,0,0,0,0,1,0,0,0,0,0,0,0,0,0,1,0,0
796,924.397,3.929,0,0,0,0,0,0,0,1,0,0,0,0,0,0,0,0,0,0
797,911.351,3.823,0,0,0,0,0,0,0,0,0,0,0,0,0,0,0,0,0,1
798,247.378,3.716,0,0,0,0,0,0,0,1,0,0,0,0,0,0,0,0,0,0
799,950.418,3.307,0,0,0,0,1,0,0,0,0,0,0,0,0,1,0,0,0,0
800,970.557,3.880,0,0,0,0,0,0,0,1,0,0,0,0,0,0,0,0,0,0
801,976.475,3.517,0,0,0,0,0,0,0,1,0,0,0,0,0,0,0,0,1,0
802,937.408,3.693,0,0,0,0,0,0,1,0,0,0,0,0,0,0,0,0,0,0
803,950.418,3.463,0,0,0,0,0,0,0,1,0,0,0,0,0,0,0,0,0,0
804,937.408,3.616,0,0,0,0,1,0,0,0,0,0,0,0,0,1,0,0,0,0
805,972.232,3.245,0,0,0,0,0,0,0,1,0,0,0,0,0,0,0,0,0,0
806,650.959,3.638,0,0,0,0,0,0,0,1,0,0,0,0,0,0,0,0,0,0
807,195.302,3.645,0,0,0,0,1,0,0,0,0,0,0,1,0,1,0,0,0,0
808,937.408,3.183,0,0,0,0,1,0,0,0,0,0,0,0,0,1,0,0,0,0
809,972.553,3.263,0,0,0,0,0,0,0,1,0,0,0,0,0,0,0,0,0,0
810,984.280,3.432,1,0,0,0,0,0,0,0,0,0,0,0,1,1,0,1,0,0
811,833.251,3.886,0,1,0,0,1,0,0,1,0,0,0,0,0,0,0,0,0,0
812,950.418,3.485,0,0,0,0,0,0,0,1,0,0,0,0,0,0,0,0,0,0
813,973.551,3.639,0,0,0,0,0,0,1,0,0,0,0,0,0,0,0,0,0,0
814,981.037,3.360,0,0,0,0,0,0,0,0,0,0,0,0,0,0,0,1,0,0
815,937.408,3.640,0,0,0,0,0,0,0,1,0,0,0,0,0,0,0,0,0,0
816,273.401,3.768,0,1,0,0,0,0,0,0,0,0,0,0,0,0,0,0,1,0
817,924.397,3.549,0,0,0,0,0,0,0,1,0,0,0,0,0,0,0,0,0,0
818,937.408,3.360,0,0,0,0,0,0,0,0,0,0,0,0,0,0,0,1,0,0
819,976.475,3.676,0,0,0,0,0,1,0,1,0,0,0,0,0,0,0,0,0,0
820,937.408,3.610,0,0,1,0,0,0,0,0,0,0,0,0,0,0,0,0,0,0
821,969.060,2.765,0,1,0,0,0,0,0,0,0,0,0,0,0,0,0,0,0,0
822,937.408,3.616,0,0,0,0,0,0,0,1,0,0,0,0,0,1,0,0,0,0
823,937.408,3.650,0,0,0,0,1,0,0,0,0,0,0,0,0,0,0,0,0,0
824,973.301,3.393,0,0,0,0,1,0,0,0,0,0,0,0,0,0,0,0,0,0
825,976.475,3.246,0,0,0,0,0,0,0,0,0,0,0,0,0,1,0,0,0,0
826,976.475,3.345,0,0,0,0,0,0,1,0,0,0,0,0,0,0,0,0,0,0
827,976.475,3.613,0,0,0,0,0,0,0,1,0,0,0,0,0,1,0,1,0,0
828,924.397,3.862,0,0,0,0,0,0,0,1,0,0,0,0,0,1,0,0,0,0
829,846.262,3.655,1,0,0,0,0,0,0,1,0,0,0,0,0,0,0,0,1,0
830,984.779,3.123,0,0,0,0,0,1,0,1,0,1,0,0,0,0,0,0,0,0
831,768.162,3.222,0,0,0,0,1,0,0,0,0,0,1,0,0,0,0,0,0,0
832,924.397,3.367,0,0,0,0,0,0,0,0,0,0,0,0,0,0,0,1,0,0
833,950.418,3.380,0,0,0,0,0,0,0,1,0,0,0,0,0,0,0,0,0,0
834,981.785,3.075,0,0,0,0,1,0,0,0,0,0,0,0,0,1,0,0,0,0
835,950.418,2.979,0,0,0,0,1,0,0,0,0,0,0,0,0,0,0,0,0,0
836,455.692,3.494,0,0,0,1,0,0,0,1,0,0,0,0,0,0,0,0,0,0
837,742.105,3.736,0,0,0,0,1,0,0,1,0,0,0,0,0,1,0,0,0,0
838,975.798,3.114,0,0,0,0,0,0,0,1,0,0,0,0,0,0,0,0,0,0
839,976.475,3.470,0,0,0,0,1,0,0,1,0,0,0,0,0,0,0,0,0,0
840,967.063,3.577,0,0,1,0,0,0,0,0,0,0,0,0,0,0,1,0,0,0
841,950.418,3.239,0,0,0,0,0,0,0,0,0,0,1,0,0,0,0,1,0,0
842,980.787,3.354,1,0,0,0,0,0,0,0,0,0,0,0,0,0,0,1,0,0
843,963.429,3.504,0,0,0,0,0,0,0,1,0,0,0,0,0,1,0,0,0,0
844,992.266,3.506,0,0,0,0,0,0,0,1,0,0,0,0,0,0,0,0,0,0
845,898.340,3.150,0,0,0,0,0,0,1,0,0,0,0,0,0,0,0,0,0,0
846,924.397,3.211,0,0,0,0,0,0,0,0,0,0,1,0,0,0,1,1,0,0
847,637.949,3.608,0,1,0,1,1,0,0,0,0,0,0,0,0,0,0,0,0,0
848,872.319,3.741,1,0,0,0,0,0,0,0,0,0,0,0,0,0,0,1,0,0
849,911.351,2.949,1,0,0,0,0,0,0,0,0,0,1,0,0,0,1,1,0,0
850,898.340,3.376,0,0,0,0,1,0,0,0,0,0,0,0,0,0,0,0,0,0
851,937.408,2.882,0,0,0,1,1,0,0,0,0,0,0,0,0,0,0,0,0,0
852,911.351,2.887,1,0,0,0,0,0,0,0,0,0,0,0,0,0,1,1,0,0
853,972.945,3.302,0,0,0,0,0,0,0,1,0,0,0,0,0,0,0,0,0,0
854,937.408,3.378,0,0,0,0,1,0,0,1,0,0,0,0,0,0,0,0,0,0
855,794.184,3.727,0,0,0,0,1,0,0,0,0,0,0,0,0,0,0,0,0,0
856,984.031,3.013,0,0,0,1,1,0,0,0,0,0,0,0,0,0,0,0,0,0
857,924.397,3.273,0,0,0,0,0,0,0,1,0,0,0,0,0,0,0,0,0,0
858,937.408,3.357,0,0,0,0,0,0,0,1,0,0,0,0,0,0,0,0,0,0
859,972.303,3.333,1,0,0,0,0,0,0,0,0,0,0,0,0,0,0,0,0,0
860,859.272,3.691,0,0,0,0,0,0,1,0,0,0,0,0,0,0,0,0,0,0
861,970.806,3.242,0,1,0,1,0,0,0,0,0,0,0,0,0,0,0,0,0,0
862,976.475,3.444,0,0,0,0,1,0,0,0,0,0,0,0,0,1,0,0,0,0
863,975.549,3.529,0,0,0,0,0,0,0,1,0,0,0,0,0,0,0,0,0,0
864,950.418,3.385,0,0,0,0,1,0,0,0,0,0,0,0,0,0,0,0,0,0
865,950.418,3.277,0,0,0,0,0,0,0,1,0,0,0,0,0,0,0,0,0,0
866,585.870,3.920,0,0,0,0,1,0,0,1,0,0,0,0,0,0,0,0,0,0
867,964.570,2.927,0,0,0,0,1,0,0,0,0,0,0,0,0,0,0,0,0,0
868,981.286,3.462,0,0,0,0,0,0,0,1,0,0,0,0,0,0,0,0,0,0
869,976.475,3.519,0,0,0,0,0,1,0,0,0,0,0,0,0,0,0,1,0,0
870,950.418,3.606,0,0,0,0,0,0,0,1,0,0,0,0,0,0,0,0,0,0
871,950.418,3.459,0,0,0,0,1,0,0,1,0,0,0,0,0,0,0,0,0,0
872,965.318,3.380,0,0,0,0,0,1,0,0,0,0,0,0,0,0,0,0,0,0
873,364.547,3.937,0,0,0,0,0,0,0,1,0,0,0,0,0,0,0,0,0,0
874,924.397,3.359,0,0,0,0,0,0,0,1,0,0,0,0,0,0,0,0,0,0
875,924.397,3.505,0,0,0,0,0,0,0,1,0,0,0,0,1,0,0,0,0,0
876,966.566,3.554,0,0,0,0,0,0,0,1,0,0,0,0,0,0,0,0,0,0
877,533.792,3.707,0,0,0,0,0,0,0,1,0,0,0,0,0,0,0,0,0,0
878,981.286,3.516,0,0,0,0,0,0,0,1,0,0,0,0,0,1,0,0,0,0
879,976.475,3.210,0,0,0,0,0,0,0,0,0,0,1,0,0,0,0,1,0,0
880,972.660,3.483,1,0,0,0,0,0,0,0,0,0,0,0,0,0,0,0,0,0
881,976.475,3.431,0,0,0,0,0,1,0,0,0,0,0,0,0,0,0,1,0,0
882,924.397,3.356,0,1,0,1,0,0,0,0,0,0,0,0,0,0,0,0,0,0
883,429.635,3.367,0,0,0,0,0,0,0,0,0,0,0,0,0,0,0,0,0,1
884,990.021,3.620,0,0,0,0,0,0,0,0,0,0,0,0,0,1,0,0,0,0
885,950.418,3.091,0,1,0,1,0,0,0,1,0,0,0,0,0,0,0,0,0,0
886,989.771,3.537,0,0,0,0,0,0,0,0,0,1,0,0,0,0,1,1,0,0
887,924.397,2.992,0,0,0,0,1,0,0,0,0,0,0,0,0,0,0,0,0,0
888,937.408,3.545,0,0,0,0,0,0,0,1,0,0,0,0,0,0,0,0,0,0
889,937.408,3.166,0,0,0,1,1,0,0,0,0,0,0,0,0,0,0,0,0,0
890,624.938,3.357,0,0,1,1,0,0,0,0,0,0,0,0,0,0,0,0,0,0
891,965.318,3.648,0,0,0,0,0,0,1,0,0,0,0,0,0,0,0,0,0,0
892,937.408,3.828,0,1,0,0,0,0,0,0,0,0,0,0,0,0,0,0,0,0
893,971.555,3.380,0,0,0,0,0,0,0,0,0,0,0,0,0,0,0,1,0,0
894,937.408,3.201,0,0,0,0,0,0,0,1,0,0,0,0,0,0,0,1,0,0
895,924.397,3.243,1,0,0,0,0,0,0,0,0,0,0,0,0,0,1,0,0,0
896,859.272,3.301,0,1,0,0,0,0,0,0,0,0,0,0,0,1,0,0,0,0
897,950.418,3.487,0,1,0,1,0,0,0,0,0,0,0,0,0,0,0,0,0,0
898,975.798,2.962,1,0,0,0,1,0,0,0,0,0,0,0,0,0,1,0,1,0
899,898.340,3.722,0,0,0,0,0,0,0,1,0,0,0,0,0,0,0,0,0,0
900,768.162,3.610,0,0,0,0,1,0,0,0,0,0,0,0,0,0,0,0,0,0
901,982.783,3.393,0,0,0,0,0,1,0,0,0,0,0,0,0,0,0,0,0,0
902,937.408,3.277,0,0,0,0,0,0,0,0,0,0,0,0,0,0,0,1,0,0
903,976.475,3.393,1,0,0,0,0,0,0,1,0,0,0,0,0,0,0,0,0,0
904,377.557,3.760,0,0,0,0,0,0,0,1,0,0,0,0,0,0,0,0,0,0
905,937.408,3.176,0,0,0,0,1,0,0,0,0,0,0,0,0,0,0,0,0,0
906,143.224,3.846,0,0,0,0,1,0,0,0,0,0,0,0,0,0,0,0,1,0
907,978.044,3.225,0,0,0,1,1,0,0,0,0,0,0,0,1,0,0,0,0,0
908,980.787,3.438,0,0,0,0,0,0,0,1,0,0,0,0,0,0,0,0,0,0
909,559.849,3.406,0,0,0,0,1,0,0,0,0,0,0,1,0,0,0,0,0,0
910,937.408,3.249,1,1,0,0,0,0,0,0,0,0,0,0,0,0,1,0,0,0
911,965.568,3.058,1,0,0,0,0,0,0,0,0,0,0,0,0,0,0,0,0,0
912,872.319,3.834,1,1,0,0,0,0,0,0,0,0,0,0,0,0,0,0,0,0
913,781.173,3.865,1,1,0,0,0,0,0,0,0,0,0,0,0,0,1,0,0,0
914,937.408,3.593,0,0,0,0,1,0,0,1,0,0,0,0,0,0,0,0,0,0
915,967.313,3.182,0,0,0,0,1,0,0,0,0,0,0,0,0,0,0,0,0,0
916,781.173,3.954,0,0,0,0,0,0,0,1,0,0,0,0,0,0,0,0,0,0
917,968.561,3.673,0,0,0,0,1,0,0,1,0,0,0,0,0,0,0,0,0,0
918,976.297,3.620,0,0,0,0,0,0,0,1,0,0,0,0,0,0,0,0,0,0
919,533.792,3.932,0,1,0,0,0,0,0,0,0,0,0,0,0,0,0,0,1,0
920,416.625,3.574,0,0,0,0,0,0,0,1,0,0,0,0,0,0,0,0,0,0
921,924.397,3.468,0,0,0,0,1,0,0,0,0,0,0,0,0,0,0,0,0,0
922,977.794,3.485,0,0,0,0,1,0,0,0,0,0,0,0,0,1,0,0,0,0
923,924.397,3.748,0,0,0,0,0,0,0,1,0,0,0,0,0,1,0,0,0,0
924,950.418,3.235,0,0,1,1,0,0,0,0,0,0,0,0,0,0,0,0,0,0
925,937.408,3.178,1,0,0,1,0,0,0,0,0,0,0,0,0,0,0,0,0,0
926,937.408,3.451,1,0,0,0,1,0,0,0,0,0,0,0,0,0,0,0,0,1
927,977.794,3.588,0,0,0,0,1,0,0,0,0,0,0,0,0,0,0,0,0,0
928,950.418,3.368,0,0,0,0,1,0,0,0,0,0,0,0,0,0,0,0,0,0
929,965.069,3.485,0,0,0,0,1,0,0,0,0,0,0,0,0,0,0,0,0,0
930,937.408,3.345,0,0,0,0,0,0,0,1,0,0,0,0,0,0,0,0,0,0
931,981.536,3.574,0,0,0,0,1,0,0,0,0,0,0,0,0,0,0,0,0,0
932,937.408,3.051,1,0,0,0,0,0,0,0,0,0,0,0,0,0,1,0,0,0
933,969.309,2.718,0,0,0,0,1,0,0,0,0,0,0,0,0,0,0,0,0,0
934,980.787,3.419,0,0,0,0,0,0,0,0,0,0,0,0,0,1,0,0,0,0
935,967.063,3.241,0,0,0,0,1,0,0,0,0,0,1,0,0,0,0,0,0,0
936,559.849,3.741,0,0,0,0,0,0,0,0,0,0,0,1,0,0,0,0,0,0
937,703.038,3.441,0,0,0,0,0,0,0,0,0,0,1,0,0,0,0,0,0,0
938,980.537,3.203,0,0,0,0,1,0,0,0,0,0,0,0,0,0,0,0,0,0
939,937.408,3.262,0,0,0,0,1,0,0,0,0,0,0,0,0,0,0,0,0,0
940,976.475,3.781,0,0,0,0,0,0,0,1,0,0,0,0,0,1,0,0,0,0
941,924.397,3.347,0,0,0,0,0,0,0,1,0,0,0,0,0,0,0,0,0,0
942,975.228,3.593,0,0,0,0,0,0,0,1,0,0,0,0,0,0,0,0,0,0
943,924.397,3.411,0,0,0,0,0,0,0,1,0,0,0,0,0,0,0,0,0,0
944,377.557,4.061,1,1,0,0,0,0,0,0,0,0,0,0,0,1,0,0,1,0
945,924.397,4.333,0,0,1,0,1,0,0,0,0,0,0,0,0,0,0,0,0,0
946,963.429,3.468,0,0,0,0,0,0,0,1,0,0,0,0,0,0,0,0,0,0
947,937.408,4.347,0,0,0,0,0,0,0,1,0,0,0,0,0,0,0,0,0,0
948,859.272,3.758,0,0,0,0,1,0,0,0,0,0,0,0,0,0,0,0,0,0
949,950.418,3.489,0,0,0,0,1,0,0,1,0,0,0,0,0,0,0,0,0,0
950,989.486,3.225,0,0,0,0,0,0,0,1,0,0,0,0,0,0,0,0,0,0
951,937.408,3.237,0,0,0,0,0,0,0,1,0,0,0,0,0,0,0,1,0,0
952,967.634,4.320,0,0,1,0,1,0,0,0,0,0,0,0,0,0,0,1,0,0
953,950.418,3.518,0,0,0,0,0,0,0,1,0,0,0,0,0,0,0,0,0,0
954,937.408,4.026,0,0,0,0,0,1,0,1,0,0,0,0,0,0,0,0,0,0
955,846.262,3.621,0,0,0,0,0,0,0,1,0,0,0,0,0,1,0,0,0,0
956,977.794,2.605,0,0,0,0,1,0,0,0,0,0,0,0,0,1,0,0,0,0
957,846.262,3.856,0,0,0,0,1,0,0,1,0,0,0,0,0,1,0,0,0,0
958,982.783,3.332,0,0,0,0,0,0,0,0,0,0,0,0,0,1,0,0,0,0
959,898.340,3.295,0,0,0,0,0,0,0,1,0,0,0,0,0,0,0,0,0,0
960,982.534,3.565,0,0,0,0,1,0,0,0,0,0,0,0,0,1,0,0,0,0
961,976.048,3.574,0,0,0,0,0,0,0,1,0,0,0,0,0,0,0,0,0,0
962,978.044,4.087,0,0,0,0,0,1,0,1,0,0,0,0,0,0,0,1,0,0
963,976.475,2.704,0,0,0,1,1,0,0,0,0,0,0,0,0,0,0,0,0,0
964,982.783,3.305,0,0,0,0,1,0,0,1,0,0,0,0,0,0,0,0,0,0
965,992.516,3.254,1,0,0,0,0,0,0,0,0,0,0,0,0,0,1,1,0,0
966,533.792,4.231,0,0,0,0,0,0,0,0,0,0,0,0,0,0,1,0,1,0
967,971.056,3.235,0,0,0,0,1,0,0,0,0,0,0,0,0,0,0,0,0,0
968,976.796,3.240,0,0,0,0,0,0,0,0,0,0,0,0,0,0,0,1,0,0
969,976.475,2.894,0,0,0,0,0,1,0,0,0,0,0,0,0,0,0,1,0,0
970,950.418,3.135,0,0,0,0,0,0,0,0,0,0,0,0,0,0,1,0,0,0
971,937.408,3.205,0,0,0,0,1,0,0,0,0,0,0,0,0,0,0,0,0,0
972,989.486,3.505,0,0,0,0,0,0,0,1,0,0,0,0,0,0,0,0,0,0
973,937.408,2.992,0,0,0,0,1,0,0,0,0,0,0,0,0,0,0,0,1,0
974,977.473,3.292,0,0,0,0,0,1,0,0,0,0,0,0,0,0,0,0,0,0
975,416.625,3.544,0,1,0,1,0,0,0,0,1,0,0,0,0,0,1,0,0,0
976,924.397,2.961,0,0,0,0,1,0,0,0,0,0,0,0,0,0,0,0,0,0
977,911.351,3.376,0,0,0,0,1,1,0,1,0,0,0,0,0,0,0,0,0,0
978,976.475,3.610,0,0,0,0,0,0,0,0,0,0,0,0,0,1,0,0,0,0
979,924.397,3.557,0,0,0,1,0,0,0,1,0,0,0,0,0,0,0,0,0,0
980,924.397,3.674,1,0,0,0,0,1,0,0,0,0,0,0,0,1,0,0,0,0
981,990.769,3.585,0,0,0,0,0,0,0,0,0,0,1,0,0,0,0,0,0,0
982,966.566,2.892,0,0,1,1,0,0,0,0,0,0,0,1,0,0,0,0,0,0
983,971.305,2.706,1,1,0,0,0,0,0,0,0,0,0,0,0,0,1,1,0,0
984,950.418,3.396,0,0,0,0,0,0,0,1,0,0,0,0,0,0,0,0,0,0
985,976.475,3.201,0,0,0,0,0,1,0,0,0,0,0,0,0,0,0,0,0,0
986,755.116,3.837,1,0,0,0,1,0,0,0,0,0,0,1,0,0,0,0,0,0
987,937.408,2.962,1,0,0,0,0,0,0,0,0,0,0,0,0,0,0,0,0,0
988,781.173,3.729,0,0,0,0,0,0,0,1,0,0,0,0,0,0,0,0,0,0
989,937.408,3.298,0,0,0,0,1,0,0,0,0,0,0,0,0,0,0,0,0,0
990,967.741,3.480,0,0,0,0,0,0,0,1,0,0,0,0,0,0,0,0,0,0
991,950.418,3.394,0,0,0,0,0,0,0,1,0,0,0,0,0,1,0,0,0,0
992,924.397,3.741,0,0,0,0,0,0,0,1,0,0,0,0,0,0,0,0,0,0
993,937.408,3.664,0,0,0,0,0,1,0,1,0,0,0,0,0,1,0,1,0,0
994,967.313,3.574,0,0,0,0,0,0,0,1,0,0,0,0,0,0,0,0,0,0
995,967.456,3.854,0,0,0,0,1,0,0,0,0,0,0,0,0,0,0,0,0,0
996,980.787,3.568,1,1,0,1,0,0,0,0,1,0,0,0,0,0,0,0,0,0
997,156.235,3.443,0,0,0,0,0,0,0,1,0,0,0,0,0,0,0,0,0,0
998,976.475,3.508,1,0,0,0,0,0,0,0,0,0,0,0,0,1,0,1,0,0
999,937.408,3.235,0,0,0,0,0,0,0,0,0,0,0,0,0,0,0,0,0,1
1000,924.397,3.937,0,0,0,0,1,0,0,0,0,0,0,0,0,1,0,0,0,0
1001,970.557,3.320,0,0,0,0,1,0,0,0,0,0,1,0,0,0,0,0,0,0
1002,664.006,3.620,0,0,0,0,1,0,0,0,0,0,0,0,0,0,1,0,0,0
1003,705.426,3.360,0,0,0,0,0,0,0,1,0,0,0,0,0,0,0,0,0,0
1004,972.054,3.217,0,0,0,1,1,0,0,0,0,0,0,0,0,0,0,0,0,0
1005,924.397,3.393,0,0,0,0,1,0,0,0,0,0,0,0,0,1,0,0,0,0
1006,966.316,3.277,0,0,0,0,0,0,0,1,0,0,0,0,0,0,0,0,0,0
1007,950.418,3.057,1,0,0,0,0,1,0,0,0,0,0,0,0,0,0,1,0,0
1008,976.475,3.469,0,0,0,0,0,0,0,1,0,0,0,0,0,0,0,0,1,0
1009,950.418,3.596,0,0,0,0,1,0,0,0,0,0,0,0,0,0,0,0,0,0
1010,872.319,3.611,0,0,0,0,0,0,0,1,0,0,0,0,0,0,0,0,0,0
1011,664.006,3.980,0,0,0,0,1,1,0,0,0,0,0,0,0,0,0,0,0,0
1012,455.692,3.927,0,0,0,0,0,0,0,1,0,0,0,0,0,0,0,0,1,0
1013,872.319,4.004,1,0,0,0,0,0,0,1,0,0,0,0,0,0,0,0,1,0
1014,937.408,3.394,0,0,0,0,0,0,0,0,0,0,0,0,0,0,0,1,0,0
1015,937.408,3.281,1,0,0,0,0,0,0,0,0,0,0,0,0,0,1,0,0,0
1016,989.165,4.047,0,0,0,0,1,0,0,1,0,0,0,0,0,0,0,0,0,0
1017,974.301,3.402,0,0,0,0,0,0,0,1,0,0,0,0,0,0,0,0,0,0
1018,911.351,3.487,0,0,0,0,0,0,0,1,0,0,0,0,0,0,0,0,0,0
1019,972.802,3.545,0,0,0,0,0,0,0,0,0,0,0,1,0,0,0,0,0,0
1020,975.549,3.385,0,0,0,0,1,0,0,0,0,0,0,1,0,1,0,0,0,0
1021,965.318,3.472,0,0,0,0,1,0,0,0,0,0,0,0,0,0,0,0,0,0
1022,965.817,3.216,0,0,0,0,1,0,0,0,0,0,0,0,0,1,0,0,0,0
1023,807.194,4.175,0,0,0,0,0,0,0,1,0,0,0,0,1,0,0,0,0,0
1024,972.054,3.347,0,0,0,0,0,0,0,1,0,0,0,0,0,0,0,1,0,0
1025,969.986,3.458,1,0,0,0,0,0,0,0,0,0,0,0,0,0,1,0,1,0
1026,965.568,3.487,0,0,0,0,0,0,1,0,0,0,0,0,0,0,0,0,0,0
1027,937.408,3.311,0,1,0,1,0,0,0,0,0,0,0,0,0,0,0,0,0,0
1028,981.536,3.240,0,0,0,0,1,0,0,0,0,0,0,0,0,1,0,0,0,0
1029,481.714,4.177,0,0,0,0,1,0,0,0,0,0,0,0,0,0,0,1,0,0
1030,967.063,3.367,0,0,0,0,0,0,0,0,0,0,0,0,0,0,0,1,0,0
1031,965.069,3.018,0,0,0,0,1,0,0,0,0,0,0,0,0,0,0,0,0,0
1032,937.408,3.401,0,0,0,0,0,0,0,1,0,0,0,0,0,1,0,0,0,0
1033,978.044,2.755,0,0,0,0,1,0,0,0,0,0,0,0,0,0,0,0,0,0
1034,967.063,3.347,0,0,0,0,0,0,0,1,0,0,0,0,0,0,0,1,0,0
1035,969.309,3.384,0,0,0,0,0,0,0,1,0,0,0,0,0,0,0,0,0,0
1036,950.418,2.959,0,0,0,0,1,0,0,0,0,0,0,0,0,0,0,0,0,0
1037,971.234,3.211,0,0,0,0,1,0,0,1,0,0,0,0,0,0,0,0,0,0
1038,611.927,3.897,1,0,0,0,1,0,0,0,0,0,0,0,0,0,0,0,0,1
1039,924.397,3.483,0,1,0,1,0,0,0,0,0,0,0,0,0,0,0,0,0,0
1040,974.800,3.305,0,0,0,0,1,0,0,0,0,0,0,0,0,1,0,0,0,0
1041,937.408,3.067,0,0,0,0,1,0,0,0,0,0,0,0,0,0,0,0,0,0
1042,963.429,3.438,1,0,0,0,0,1,0,0,0,0,0,0,0,0,0,0,0,0
1043,950.418,3.668,1,0,0,0,0,1,0,0,0,0,0,0,0,0,0,1,0,0
1044,781.173,4.048,0,0,0,0,0,0,0,0,0,1,0,0,0,0,1,0,0,0
1045,981.785,3.294,0,0,0,0,1,0,0,0,0,0,0,0,0,0,0,0,0,0
1046,976.226,3.625,0,0,0,0,0,0,0,1,0,0,0,0,0,0,0,0,0,0
1047,247.378,3.505,0,0,0,0,0,0,0,1,0,0,0,0,0,1,0,0,0,0
1048,299.458,3.283,0,0,1,1,0,0,0,0,0,0,0,1,0,0,0,0,0,0
1049,976.475,3.907,0,0,0,0,1,0,0,0,0,0,0,0,0,0,0,0,0,0
1050,481.714,3.960,0,0,0,0,1,1,0,0,0,0,0,0,0,0,0,0,0,0
1051,950.418,3.360,1,1,0,0,0,0,0,0,0,0,0,0,0,0,0,0,0,1
1052,911.351,3.462,0,0,0,0,0,0,0,1,0,0,0,0,0,0,0,0,0,0
1053,937.408,2.945,1,0,0,0,1,0,0,0,0,0,0,0,0,0,0,0,0,0
1054,924.397,3.596,0,0,0,0,1,0,0,0,0,0,0,0,1,0,0,0,0,0
1055,990.520,3.490,0,0,0,0,0,1,0,1,0,0,0,0,0,0,0,1,0,0
1056,364.547,3.580,0,0,0,0,1,0,0,0,0,0,0,0,0,0,0,0,0,0
1057,924.397,3.347,0,0,0,0,0,0,0,1,0,0,0,0,0,0,0,0,0,0
1058,286.411,3.957,0,0,0,0,1,0,0,0,0,0,0,0,1,0,0,1,0,0
1059,966.602,3.538,0,0,0,0,0,0,0,1,0,0,0,0,0,0,0,1,0,0
1060,981.536,3.235,0,0,0,0,0,0,0,1,0,0,0,0,0,0,0,0,0,0
1061,742.105,3.579,0,0,0,0,0,0,0,0,0,0,0,0,1,0,1,0,0,0
1062,924.397,3.216,0,0,0,0,1,0,0,0,0,0,0,0,0,1,0,1,0,0
1063,937.408,3.172,0,0,0,0,1,0,0,0,0,0,0,0,0,0,0,0,0,0
1064,885.329,3.701,0,0,0,0,0,0,1,0,0,0,0,0,0,0,0,0,0,0
1065,950.418,3.215,1,0,0,0,0,0,0,0,0,0,0,0,0,0,0,1,0,0
1066,973.836,3.385,0,0,0,0,1,0,0,0,0,0,0,0,0,0,0,0,0,0
1067,455.692,4.148,0,0,0,0,0,0,0,1,0,0,0,0,0,0,0,0,0,0
1068,967.812,3.095,0,0,0,0,1,0,0,0,0,0,0,0,0,0,0,0,0,0
1069,950.418,3.376,0,0,0,0,0,0,0,1,0,0,0,0,0,0,0,1,0,0
1070,937.408,3.273,0,0,0,0,0,0,0,1,0,0,0,0,0,0,0,0,0,0
1071,729.095,3.321,0,0,0,0,1,0,0,0,0,0,0,0,0,0,0,0,0,0
1072,872.319,3.502,0,0,0,0,0,0,0,1,0,0,0,0,0,0,0,0,0,0
1073,970.806,3.364,0,0,0,0,0,0,0,1,0,0,0,0,0,0,0,0,0,0
1074,950.418,3.332,0,0,0,0,1,0,0,0,0,0,0,0,0,1,0,0,0,0
1075,950.418,3.160,0,0,0,0,0,0,0,0,0,0,0,0,0,0,0,1,0,0
1076,950.418,3.020,0,0,0,0,0,0,0,0,0,0,0,0,0,0,0,1,0,0
1077,963.429,3.184,0,0,1,1,1,0,0,0,0,0,0,0,0,0,0,0,0,0
1078,967.313,3.470,0,0,0,0,1,0,0,0,0,0,0,0,0,0,1,0,0,0
1079,937.408,3.485,0,0,0,0,0,0,0,1,0,0,0,0,0,1,0,0,0,0
1080,755.116,4.098,1,1,0,0,0,0,0,1,0,0,0,0,0,1,1,0,1,0
1081,970.557,2.942,0,0,0,0,0,0,0,0,0,0,1,0,0,0,0,0,0,0
1082,885.329,3.053,1,0,0,0,1,0,0,0,0,0,0,0,0,0,0,0,0,1
1083,507.771,3.198,0,0,0,1,0,0,0,1,0,0,0,0,0,0,0,0,0,0
1084,963.429,3.393,0,0,0,0,0,0,0,1,0,0,0,0,0,0,0,0,0,0
1085,966.814,3.502,0,0,0,0,0,0,0,1,0,0,0,0,0,1,0,0,0,0
1086,950.418,3.462,0,0,0,0,0,0,0,1,0,0,0,0,0,0,0,0,0,0
1087,990.021,3.342,0,0,0,0,0,0,0,0,0,0,1,0,0,0,0,0,0,0
1088,966.814,3.502,0,0,0,0,0,0,0,1,0,0,0,0,0,0,0,1,0,0
1089,559.849,3.448,1,0,0,0,1,0,0,1,0,0,0,0,0,0,0,0,0,0
1090,976.475,2.872,0,0,0,0,1,0,0,0,0,0,0,0,0,0,0,0,0,0
1091,965.568,3.347,0,0,0,0,0,0,0,1,0,0,0,0,0,0,0,0,0,0
1092,976.475,4.169,1,0,0,0,0,0,0,1,0,0,0,0,0,1,0,0,0,0
1093,924.397,3.574,0,0,0,0,0,0,0,1,0,0,0,0,0,0,0,0,0,0
1094,950.418,3.104,0,0,0,0,0,0,0,0,0,0,1,0,0,0,0,0,0,0
1095,976.475,3.268,0,0,0,0,0,0,0,1,0,0,0,0,0,0,0,0,0,0
1096,846.262,3.246,0,0,0,0,0,0,0,0,0,0,0,1,0,1,0,0,0,0
1097,937.408,3.301,0,0,0,0,0,0,0,0,0,0,0,0,0,0,0,1,0,0
1098,794.184,2.986,0,0,0,0,0,0,0,0,0,0,1,0,0,0,0,0,0,0
1099,982.284,3.393,0,0,0,0,0,0,0,0,0,0,0,0,0,1,0,0,0,0
1100,971.804,2.690,0,0,0,0,0,0,0,0,0,0,0,0,0,0,1,1,0,0
1101,937.408,3.262,0,0,0,0,0,0,0,1,0,0,0,0,0,0,0,0,0,0
1102,937.408,3.563,0,0,0,0,0,0,0,1,0,0,0,0,0,0,0,0,0,0
1103,976.475,3.108,0,0,0,0,0,1,0,0,0,0,0,0,0,0,0,0,0,0
1104,977.794,3.061,0,0,0,0,1,0,0,0,0,0,0,0,0,0,0,0,0,0
1105,859.272,3.846,1,0,0,0,0,0,0,0,0,0,0,0,0,0,0,1,0,0
1106,455.692,3.754,0,0,0,0,0,0,0,0,0,0,0,0,0,1,0,0,0,0
1107,872.319,2.820,1,1,0,0,0,0,0,0,0,0,0,0,0,0,1,0,0,0
1108,973.052,3.376,0,0,0,0,0,1,0,0,0,0,0,0,0,0,0,0,0,0
1109,208.313,3.881,0,0,0,0,0,0,0,1,0,0,0,0,0,0,0,0,0,0
1110,924.397,3.122,1,0,0,0,0,0,0,0,0,0,0,0,0,0,0,0,0,0
1111,937.408,3.601,0,0,0,0,0,0,0,1,0,0,0,0,0,0,0,0,0,0
1112,637.949,3.917,0,0,0,0,0,0,0,0,0,0,0,0,0,0,1,0,0,0
1113,468.703,3.813,0,0,0,0,0,0,0,1,0,0,0,0,0,0,0,0,0,0
1114,976.475,3.616,0,0,0,0,1,0,0,0,0,0,0,0,0,0,0,0,0,0
1115,967.812,2.716,1,0,0,0,0,0,0,0,0,0,0,0,0,0,1,0,0,0
1116,950.418,2.825,1,1,0,0,1,1,0,0,0,0,0,0,0,0,0,0,0,0
1117,455.692,4.140,0,0,0,0,0,0,0,1,0,0,0,0,0,0,0,0,1,0
1118,971.305,3.332,0,0,0,0,0,0,0,1,0,0,0,0,0,0,0,0,0,0
1119,885.329,3.857,0,0,0,0,0,1,0,1,0,0,0,0,0,0,0,0,0,0
1120,992.159,3.416,1,0,0,0,0,0,0,1,0,0,0,0,0,1,0,0,0,0
1121,937.408,3.505,0,0,0,0,1,0,0,0,0,0,0,0,0,0,0,0,0,0
1122,981.215,3.532,0,0,0,0,1,0,0,0,0,0,0,0,0,0,0,0,0,0
1123,950.418,3.114,0,0,0,0,1,0,0,0,0,0,0,0,0,0,0,0,0,0
1124,950.418,2.930,0,0,0,0,0,0,0,0,0,0,0,0,0,0,1,0,0,0
1125,898.340,3.683,0,0,0,0,1,0,0,0,0,0,0,0,0,0,1,0,0,0
1126,950.418,3.148,0,0,0,0,0,0,0,0,0,0,1,0,0,0,0,0,0,0
1127,970.307,2.971,0,0,0,0,1,0,0,0,0,0,0,0,0,0,0,0,0,0
1128,982.783,3.558,0,1,1,1,1,0,0,0,0,0,0,1,0,0,0,0,0,0
1129,937.408,3.563,0,0,0,0,0,0,0,1,0,0,0,0,0,0,0,0,0,0
1130,924.397,3.328,0,0,0,0,0,0,0,1,0,0,0,0,0,0,0,0,0,0
1131,999.501,3.202,0,0,0,0,0,0,0,1,0,0,0,0,0,0,0,0,0,0
1132,989.272,3.625,0,0,0,0,1,1,0,0,0,0,0,0,1,0,0,1,0,0
1133,975.549,3.760,0,0,0,0,0,0,1,0,0,0,0,0,0,0,0,0,0,0
1134,494.724,4.020,0,0,0,0,0,0,0,0,0,0,1,0,0,1,0,1,0,0
1135,937.408,3.411,0,0,0,0,0,0,0,1,0,0,0,0,0,0,0,0,0,0
1136,924.397,3.690,0,0,0,0,0,0,0,1,0,0,0,0,0,0,0,0,0,0
1137,950.418,3.483,1,0,0,0,0,0,0,1,0,0,0,0,0,0,0,1,0,0
1138,468.703,3.462,0,0,0,0,0,0,0,1,0,0,0,0,0,0,0,0,0,0
1139,972.802,2.833,1,0,0,0,0,0,0,1,0,0,0,0,0,0,0,0,0,1
1140,937.408,3.393,0,0,0,0,0,0,0,1,0,0,0,0,0,0,0,0,0,0
1141,937.408,3.170,0,0,0,0,1,0,0,0,0,0,0,0,0,0,0,0,0,0
1142,650.959,3.601,0,0,0,0,1,0,0,0,0,0,0,0,0,0,0,0,0,0
1143,950.418,2.935,1,0,0,0,0,0,0,0,0,0,0,0,0,0,0,0,0,0
1144,969.808,3.438,0,0,0,0,1,0,0,0,0,0,0,0,0,1,0,0,0,0
1145,924.397,3.079,1,1,0,0,0,1,0,0,0,0,0,0,0,0,0,1,0,0
1146,885.329,3.961,0,0,0,0,0,0,0,0,0,0,0,0,0,0,0,1,0,0
1147,976.048,3.552,0,0,0,0,0,0,0,1,0,0,0,0,0,0,0,0,0,0
1148,624.938,3.909,0,0,0,0,1,0,0,0,0,0,0,0,0,0,0,0,1,0
1149,937.408,3.411,0,0,0,0,0,0,0,1,0,0,0,0,0,1,0,0,0,0
1150,924.397,3.602,0,0,0,0,0,0,0,1,0,0,0,0,0,0,0,0,0,0
1151,950.418,3.537,0,0,0,0,1,0,0,0,0,0,0,0,0,1,0,0,0,0
1152,976.048,3.300,0,0,0,0,1,0,0,0,0,0,0,0,0,0,0,0,0,0
1153,980.431,3.459,0,0,0,0,0,0,0,0,0,0,1,0,0,0,0,1,0,0
1154,820.240,3.847,0,0,0,0,1,0,0,0,0,0,0,0,0,0,1,0,0,0
1155,690.027,3.235,0,1,0,1,0,0,0,0,1,0,0,0,0,0,0,0,0,0
1156,976.475,3.468,0,0,0,0,0,0,1,0,0,0,0,0,0,0,0,0,0,0
1157,416.625,3.938,1,0,0,0,0,0,0,1,0,0,0,0,0,0,0,0,0,1
1158,950.418,3.419,1,0,0,0,0,0,0,0,0,0,0,0,0,0,0,0,0,0
1159,937.408,3.233,1,0,0,0,0,0,0,0,0,0,0,0,0,0,0,1,0,0
1160,976.475,3.011,0,0,0,0,1,0,0,0,0,0,0,0,1,0,0,0,0,0
1161,924.397,3.486,0,0,0,0,1,0,0,0,0,0,0,0,0,0,0,0,0,0
1162,984.779,3.012,1,0,0,0,1,0,0,0,0,0,0,0,0,0,0,0,0,0
1163,966.814,3.684,0,0,0,0,0,0,0,1,0,0,0,1,0,0,0,0,0,0
1164,950.418,3.269,1,1,0,0,0,0,0,0,0,0,0,0,0,0,1,0,0,0
1165,924.397,2.738,0,0,0,0,1,0,0,0,0,0,0,0,0,0,1,0,0,0
1166,937.408,3.524,0,0,0,0,0,0,0,0,0,0,0,0,0,0,0,1,0,0
1167,859.272,3.523,0,0,0,0,0,0,0,1,0,0,0,0,0,0,0,0,0,0
1168,729.095,3.838,0,0,0,0,0,0,0,1,0,0,0,0,0,0,0,0,1,0
1169,937.408,2.896,0,0,0,0,1,0,0,0,0,0,0,0,0,0,0,0,0,0
1170,976.475,2.493,1,1,0,0,0,0,0,0,0,0,0,0,0,0,0,0,0,0
1171,964.819,3.393,0,0,0,0,1,0,0,0,0,0,0,0,0,1,0,0,0,0
1172,967.313,3.705,0,0,0,0,0,0,0,1,0,0,0,0,0,0,0,0,0,0
1173,950.418,3.318,0,0,0,0,0,0,0,1,0,0,0,0,0,0,0,0,1,0
1174,770.515,3.414,1,1,1,0,0,0,0,0,0,0,1,0,0,0,1,0,0,0
1175,991.019,3.169,0,1,0,0,0,0,0,0,0,0,0,0,0,0,1,1,0,0
1176,885.329,3.749,0,1,0,0,0,0,0,1,0,0,0,0,0,0,0,0,0,1
1177,169.246,3.823,0,0,0,0,1,0,0,0,0,0,0,1,0,1,0,0,0,0
1178,965.817,2.988,1,0,0,0,0,0,0,0,0,0,1,0,0,0,1,0,0,0
1179,950.418,3.483,0,0,0,0,0,0,0,1,0,0,0,0,0,0,0,0,0,0
1180,755.116,3.778,0,0,0,0,0,0,0,0,0,0,1,0,0,0,0,0,0,0
1181,716.084,3.921,0,0,0,0,1,0,0,0,0,0,0,0,0,1,0,0,0,0
1182,937.408,3.312,0,0,0,0,1,1,0,0,1,0,0,0,0,0,0,0,0,0
1183,924.397,3.574,0,0,0,0,0,0,0,1,0,0,0,0,0,0,0,0,0,0
1184,970.984,2.908,1,1,0,0,0,0,0,0,0,0,0,0,0,0,0,1,0,0
1185,964.819,3.225,0,0,0,0,0,0,0,1,0,0,0,0,0,1,0,0,0,0
1186,984.280,2.727,0,1,0,1,0,0,0,1,0,0,0,0,0,0,0,0,0,0
1187,950.418,3.229,0,0,0,1,0,0,0,1,0,0,0,0,0,0,0,0,0,0
1188,937.408,3.822,0,0,0,0,1,0,0,0,0,0,0,0,0,1,0,0,1,0
1189,937.408,3.085,1,0,0,0,0,0,0,0,0,0,0,0,0,0,0,0,0,0
1190,976.475,3.277,0,0,0,0,0,0,0,1,0,0,0,0,0,0,0,0,0,0
1191,859.272,3.286,1,0,0,0,1,0,0,0,0,0,0,0,0,0,0,0,0,1
1192,937.408,3.639,0,0,0,0,0,0,0,1,0,0,0,0,0,0,0,0,0,0
1193,974.550,3.684,0,0,0,0,0,0,0,1,0,0,0,0,0,0,0,0,0,0
1194,872.319,3.673,0,0,0,0,1,0,0,0,0,0,0,0,0,0,0,0,0,0
1195,976.475,3.242,0,0,0,0,1,0,0,0,0,0,0,0,0,0,0,0,0,0
1196,980.787,3.574,0,0,0,0,0,0,0,1,0,0,0,0,0,0,0,0,0,0
1197,846.262,4.121,1,1,0,0,1,0,0,0,0,0,0,0,0,1,0,0,0,0
1198,234.334,3.804,0,0,0,0,0,0,0,0,0,0,0,0,0,1,0,1,0,0
1199,924.397,3.355,0,0,0,0,1,0,0,0,0,0,0,0,0,0,0,0,0,0
1200,975.335,3.220,0,0,0,0,0,0,0,1,0,0,0,0,0,1,0,0,0,0
1201,807.194,3.929,0,0,0,0,1,0,0,1,0,0,0,1,0,0,0,0,0,0
1202,807.194,3.172,0,0,0,0,0,0,0,0,0,0,1,0,0,0,0,0,0,0
1203,950.418,3.414,0,0,0,0,0,0,0,1,0,0,0,0,0,1,0,0,0,0
1204,964.677,3.269,1,0,0,0,1,1,0,0,0,0,1,0,0,0,0,1,0,0
1205,969.060,3.638,1,1,0,0,0,0,0,0,0,0,0,0,0,0,0,1,0,0
1206,963.429,2.696,0,0,0,0,1,0,0,0,0,0,0,0,0,0,0,0,0,0
1207,965.069,3.537,0,0,0,0,0,0,0,1,0,0,0,0,1,1,0,0,0,0
1208,989.486,3.094,0,0,0,0,0,0,0,0,0,0,1,0,0,0,0,0,0,0
1209,833.251,3.551,1,0,0,0,0,0,0,0,0,0,0,0,0,1,0,0,0,0
1210,965.817,3.393,0,0,0,0,1,0,0,0,0,0,0,0,0,0,0,0,0,0
1211,924.397,3.372,0,0,0,0,0,0,0,1,0,0,0,0,0,0,0,0,0,0
1212,973.800,3.209,0,0,0,0,0,0,0,1,0,0,0,0,0,1,0,0,0,0
1213,950.418,3.483,0,0,0,0,0,0,0,1,0,0,0,0,0,1,0,0,0,0
1214,924.397,2.851,0,0,0,0,1,0,0,0,0,0,0,0,0,0,0,0,0,0
1215,976.048,2.852,0,0,1,0,1,0,0,0,0,0,0,0,0,0,0,0,0,0
1216,974.800,3.275,0,0,0,0,0,0,0,1,0,0,0,0,0,0,0,0,0,0
1217,950.418,3.657,0,0,0,0,0,0,0,1,0,0,0,1,0,0,0,0,0,0
1218,937.408,3.425,0,0,0,0,1,0,0,0,0,0,0,0,0,0,0,0,0,0
1219,980.537,2.825,0,0,0,0,0,0,0,1,0,0,0,0,0,0,0,1,0,0
1220,968.561,2.992,0,0,0,0,1,0,0,0,0,0,0,0,0,0,0,0,0,0
1221,950.418,3.305,0,0,0,0,0,0,0,1,0,0,0,0,0,1,0,0,0,0
1222,950.418,3.087,1,0,0,0,0,0,0,0,0,0,0,0,0,0,0,0,0,0
1223,950.418,3.313,1,0,0,0,0,0,0,0,0,0,0,0,0,0,0,1,0,0
1224,898.340,3.588,0,0,0,0,1,0,0,0,0,0,0,0,0,0,0,0,1,0
1225,965.247,3.605,0,0,0,0,1,0,0,0,0,0,0,0,0,0,0,0,0,0
1226,950.418,3.297,1,0,0,0,0,1,0,0,0,0,0,0,0,0,1,0,0,0
1227,937.408,3.163,0,0,0,0,1,0,0,1,0,0,0,0,0,0,0,0,0,0
1228,970.806,3.610,0,0,0,0,0,0,0,1,0,0,0,0,0,0,0,0,0,0
1229,950.418,3.531,0,0,0,0,1,0,0,1,0,0,0,0,0,0,0,0,0,0
1230,978.044,3.014,0,0,0,1,1,0,0,0,0,0,0,0,1,0,0,0,0,0
1231,937.408,3.345,0,0,0,0,0,0,0,1,0,0,0,0,1,0,0,1,0,0
1232,981.785,3.294,0,0,0,0,0,0,0,1,0,0,0,0,0,1,0,0,0,0
1233,976.475,3.524,0,0,0,0,0,0,0,0,0,0,0,0,0,1,0,0,0,0
1234,846.262,3.344,0,0,0,0,1,0,0,0,0,0,0,0,0,0,0,0,0,0
1235,950.418,3.401,1,0,0,0,0,1,0,1,0,0,0,0,0,0,0,0,0,0
1236,937.408,3.438,0,0,0,0,0,0,0,1,0,0,0,0,0,1,0,0,0,0
1237,924.397,3.332,0,0,0,0,0,0,0,0,0,1,0,0,0,0,0,1,0,0
1238,950.418,3.058,0,0,0,0,0,0,0,1,0,0,0,0,0,0,0,0,0,0
1239,911.351,3.507,0,0,0,0,1,0,0,0,0,0,0,0,0,0,0,0,0,0
1240,959.936,3.850,0,0,0,0,0,0,0,0,0,0,0,0,0,1,0,0,0,0
1241,937.408,3.225,0,0,0,0,1,0,0,0,0,0,0,0,0,0,0,0,0,0
1242,950.418,3.455,0,0,0,0,1,0,0,1,0,0,0,0,0,0,0,0,0,0
1243,455.692,3.448,0,0,0,0,0,0,0,1,0,0,0,0,0,0,0,0,0,0
1244,969.309,3.532,0,0,0,0,0,0,0,1,0,0,0,0,0,0,0,0,0,0
1245,937.408,3.298,0,0,0,0,0,0,0,1,0,0,0,0,0,0,0,0,0,0
1246,974.050,3.507,0,0,0,0,0,0,0,1,0,0,0,0,0,1,0,0,0,0
1247,968.988,3.305,0,0,0,0,0,0,0,1,0,0,0,0,0,1,0,0,0,0
1248,950.418,3.212,0,1,0,1,1,0,0,0,1,0,0,0,0,1,1,0,0,0
1249,976.475,3.621,0,0,0,0,0,0,0,1,0,0,0,0,0,0,0,0,0,0
1250,950.418,3.332,0,0,0,0,1,0,0,0,0,0,0,0,0,0,0,0,0,0
1251,924.397,2.883,0,0,0,0,0,0,0,0,0,0,0,0,0,0,0,1,0,0
1252,937.408,3.488,0,0,0,0,0,0,0,1,0,0,0,0,0,1,0,0,0,0
1253,898.340,3.731,0,0,0,0,0,0,0,1,0,0,0,0,0,0,0,0,0,0
1254,937.408,3.583,0,0,0,0,0,0,0,1,0,0,0,0,0,0,0,0,0,0
1255,990.199,3.448,0,0,0,0,0,0,0,1,0,0,0,0,0,0,0,0,0,0
1256,976.226,3.057,0,0,0,0,0,0,0,1,0,0,0,1,0,0,0,0,0,0
1257,983.282,3.799,0,0,0,0,0,0,0,1,0,0,0,0,0,0,1,0,0,0
1258,924.397,3.596,0,0,0,0,0,0,0,1,0,0,0,0,0,0,0,0,0,0
1259,664.006,3.355,0,0,0,0,0,0,0,1,0,0,0,0,0,0,0,0,0,0
1260,963.429,2.895,0,0,0,0,1,0,0,1,0,0,0,0,0,0,0,0,0,0
1261,937.408,3.411,0,0,0,0,0,0,1,0,0,0,0,0,0,0,0,0,0,0
1262,950.418,3.483,0,0,0,0,0,1,0,1,0,0,0,0,0,0,0,0,0,0
1263,247.378,3.486,0,0,1,1,0,0,0,0,0,0,0,1,0,0,0,0,0,0
1264,973.551,3.274,1,1,0,0,0,0,0,0,0,0,0,0,0,0,0,0,0,0
1265,976.475,2.760,0,0,0,1,1,0,0,0,0,0,0,0,0,0,0,0,0,0
1266,950.418,3.494,0,0,0,0,0,1,0,0,0,1,0,0,1,0,0,1,0,0
1267,937.408,3.861,0,0,0,0,0,0,0,1,0,0,0,0,0,1,0,0,0,0
1268,979.541,3.532,0,0,0,0,1,0,0,0,0,0,0,0,0,0,0,0,0,0
1269,937.408,3.505,0,0,0,0,0,0,0,1,0,0,0,0,0,1,0,0,0,0
1270,967.562,3.470,0,0,0,0,0,0,1,0,0,0,0,0,0,0,0,0,0,0
1271,937.408,3.655,0,0,0,0,0,0,0,1,0,0,0,0,0,0,0,0,0,0
1272,965.568,3.017,0,0,0,0,1,0,0,0,0,0,0,0,0,0,0,0,0,0
1273,977.295,3.896,0,0,0,0,1,0,0,0,0,0,0,0,0,0,0,0,0,0
1274,950.418,2.939,0,0,1,1,0,0,0,0,0,0,0,1,0,1,0,0,0,0
1275,973.301,3.235,0,0,0,0,0,0,0,1,0,0,0,0,0,0,0,0,0,0
1276,985.029,2.942,1,1,0,0,0,0,0,0,0,0,0,0,0,0,0,0,0,0
1277,963.429,3.252,0,0,0,0,0,0,0,1,0,0,0,0,0,1,0,0,0,0
1278,937.408,3.829,0,0,0,0,0,0,0,1,0,0,0,0,0,0,0,0,0,0
1279,950.418,3.185,0,0,0,0,0,0,0,0,0,0,0,0,0,0,0,1,0,0
1280,768.162,3.534,0,0,0,0,0,0,0,0,0,0,1,0,0,0,0,0,0,0
1281,911.351,3.829,0,0,0,0,0,1,0,0,0,0,0,0,0,0,0,1,0,0
1282,221.324,3.657,0,0,0,0,1,0,0,0,0,0,0,0,0,1,0,0,0,0
1283,972.553,3.393,1,0,0,0,0,0,0,0,0,0,0,0,0,0,0,0,0,0
1284,973.551,3.466,0,0,0,0,0,0,0,1,0,0,0,0,0,0,0,0,0,0
1285,937.408,3.803,0,0,0,0,0,0,0,1,0,0,0,0,0,0,0,0,0,0
1286,585.870,3.709,0,0,0,0,0,0,0,1,0,0,0,0,0,0,0,0,0,0
1287,937.408,3.159,0,0,0,0,1,0,0,0,0,0,0,0,0,1,0,0,0,0
1288,950.418,3.130,0,0,0,0,0,0,0,1,0,0,0,0,0,1,0,0,0,0
1289,377.557,3.867,0,0,0,0,0,0,0,1,0,0,0,0,0,0,1,0,0,0
1290,221.324,3.595,0,0,0,0,1,0,0,0,0,0,0,0,0,0,0,0,0,0
1291,963.928,3.380,0,0,0,0,1,0,0,1,0,0,0,0,0,0,0,0,0,0
1292,976.226,3.170,0,0,0,0,1,0,0,1,0,0,0,0,0,0,0,0,0,0
1293,976.475,3.472,0,0,0,0,0,0,0,0,0,0,0,0,0,0,0,1,0,0
1294,130.178,3.666,0,0,0,0,0,0,0,0,0,0,0,0,0,1,0,0,1,0
1295,972.553,3.712,0,1,0,1,0,0,0,0,0,0,0,0,0,0,0,0,0,0
1296,312.468,3.955,0,0,0,0,0,0,0,0,0,1,0,0,1,0,0,0,0,0
1297,937.408,3.236,0,0,0,0,1,0,0,0,0,0,0,0,0,1,0,0,0,0
1298,937.408,3.406,0,0,0,0,0,0,0,1,0,0,0,0,0,1,0,0,1,1
1299,985.029,3.128,1,1,0,0,0,0,0,0,0,0,0,0,0,0,0,0,0,0
1300,924.397,3.459,0,0,0,0,1,0,0,0,0,0,0,0,0,0,0,0,0,0
1301,989.236,3.345,0,0,0,0,0,0,0,1,0,0,0,0,0,0,0,0,0,0
1302,937.408,3.347,0,0,0,0,1,0,0,0,0,0,0,0,0,1,0,0,0,0
1303,924.397,3.822,0,0,0,0,0,0,0,1,0,0,0,0,0,0,0,0,0,0
1304,52.078,3.483,0,0,0,0,0,0,0,1,0,0,0,0,0,0,0,0,0,0
1305,976.475,3.288,0,0,0,0,1,0,0,1,0,0,0,0,0,0,0,1,0,0
1306,950.418,3.526,0,0,0,0,0,0,0,1,0,0,0,0,0,1,0,0,1,0
1307,429.635,3.579,0,0,0,0,0,0,0,1,0,0,0,0,0,0,0,0,0,0
1308,977.046,3.385,0,0,0,0,0,0,0,0,0,0,1,0,0,0,0,0,0,0
1309,976.475,3.401,0,0,0,0,0,0,0,1,0,0,0,0,0,0,0,0,0,0
1310,973.800,3.620,0,0,0,0,0,0,1,0,0,0,0,0,0,0,0,0,0,0
1311,442.646,3.535,0,1,0,0,1,0,0,0,0,0,0,0,0,0,0,0,0,0
1312,924.397,3.236,0,0,0,0,0,0,0,1,0,0,0,0,0,0,0,1,0,0
1313,982.035,3.393,0,1,0,1,0,0,0,1,0,0,0,0,0,0,0,0,0,0
1314,924.397,3.080,0,0,0,0,0,0,0,0,0,0,0,0,1,1,0,1,0,0
1315,234.334,3.762,0,0,1,1,0,0,0,0,0,0,0,1,0,0,0,0,0,0
1316,979.789,3.505,0,0,0,0,1,0,0,0,0,0,0,0,0,1,0,0,0,0
1317,937.408,2.868,0,0,0,0,1,0,0,0,0,0,0,0,0,0,0,0,0,0
1318,286.411,3.406,0,0,0,0,0,0,0,0,0,0,0,1,0,0,0,0,0,0
1319,973.729,3.373,0,0,0,0,0,0,0,1,0,0,0,0,0,0,0,0,0,0
1320,833.251,3.914,0,0,0,0,0,0,0,1,0,0,0,0,0,1,0,0,0,0
1321,976.475,3.222,1,0,0,0,0,0,0,1,0,0,0,0,0,0,0,1,0,0
1322,794.184,3.437,0,0,0,0,0,0,1,0,0,0,0,0,0,0,0,0,1,0
1323,950.418,3.235,0,0,0,0,1,0,0,0,0,0,0,0,0,0,0,0,0,0
1324,924.397,3.427,0,0,0,0,0,1,0,1,0,0,0,0,0,0,0,0,0,0
1325,979.042,3.204,1,0,0,0,0,0,0,0,0,0,0,0,0,1,0,1,0,0
1326,991.268,3.395,0,0,0,0,0,0,0,0,0,1,0,0,1,0,0,1,0,0
1327,990.270,3.645,0,0,0,0,0,0,0,1,0,0,0,0,0,0,0,0,0,0
1328,937.408,3.321,0,0,0,1,1,0,0,0,0,0,0,0,0,0,0,0,0,0
1329,898.340,3.489,0,0,0,0,0,0,0,1,0,0,0,0,0,0,0,0,0,0
1330,980.038,3.680,0,0,0,0,1,1,0,0,0,0,0,0,0,0,0,0,0,0
1331,677.016,4.061,1,0,0,0,0,1,0,1,0,0,0,0,0,0,0,0,0,0
1332,898.340,2.916,0,0,0,0,0,0,0,0,0,0,1,0,0,0,0,0,0,0
1333,950.418,3.332,0,0,1,1,0,0,0,0,0,0,0,0,0,0,0,0,0,0
1334,974.301,3.185,0,0,0,0,1,0,0,0,0,0,0,0,0,0,0,0,0,0
1335,950.418,3.865,0,0,0,0,0,0,0,1,0,0,0,0,0,0,0,0,0,0
1336,937.408,3.121,1,1,1,1,0,0,0,0,1,0,0,0,0,0,0,0,0,0
1337,781.173,3.781,0,0,0,0,0,0,0,1,0,0,0,0,0,0,0,0,0,0
1338,979.291,3.185,0,0,0,0,1,0,0,0,0,0,0,0,0,0,0,0,0,0
1339,950.418,2.934,0,0,0,0,0,0,0,1,0,0,0,0,0,0,0,0,0,0
1340,992.053,3.483,0,0,0,0,0,1,0,1,0,0,0,0,0,0,0,0,0,0
1341,950.418,3.478,1,0,0,0,0,0,0,0,0,0,0,0,0,1,0,1,0,0
1342,598.881,3.988,0,0,0,0,0,0,0,1,0,0,0,0,1,0,1,1,0,0
1343,507.771,3.652,0,0,0,0,0,0,0,0,0,0,0,0,0,0,0,1,0,0
1344,703.038,3.201,0,0,0,0,0,0,0,0,0,0,1,0,0,0,0,0,0,0
1345,898.340,3.279,1,1,0,0,0,0,0,0,0,0,0,0,0,0,1,0,0,0
1346,937.408,3.424,0,1,0,1,0,0,0,0,0,0,0,0,0,1,0,0,0,0
1347,977.046,2.753,1,0,0,0,1,0,0,0,0,0,0,0,0,0,0,0,0,0
1348,950.418,3.381,0,0,0,0,0,0,0,1,0,0,0,0,0,0,0,0,0,0
1349,950.418,3.135,1,0,0,0,0,0,0,0,0,0,0,0,0,0,0,0,0,0
1350,937.408,3.371,0,0,0,0,1,0,0,0,0,0,0,0,0,0,0,0,0,1
-1,624.939,3.505,0,0,0,0,0,0,0,0,0,0,0,0,0,0,0,0,0,0
1352,937.408,3.541,0,0,0,0,0,0,0,1,0,0,0,0,0,0,0,0,0,0
1353,924.397,3.504,0,0,0,0,0,0,0,1,0,0,0,0,0,0,0,0,0,0
1354,980.288,3.558,0,0,0,0,0,0,0,1,0,0,0,0,0,0,0,0,0,0
1355,979.042,3.308,1,0,0,0,0,0,0,1,0,0,0,0,0,0,0,1,0,0
1356,885.329,3.505,0,0,0,0,1,0,0,0,0,0,0,0,0,1,0,1,0,0
1357,937.408,3.059,1,0,0,0,0,0,0,0,0,0,0,0,0,0,0,0,0,0
1358,979.470,3.193,1,0,0,0,0,0,0,1,0,0,0,0,0,0,0,1,1,0
1359,390.568,3.908,0,0,0,0,1,0,0,0,0,0,0,0,0,1,0,0,0,0
1360,729.095,3.351,0,0,0,0,1,0,0,0,0,0,0,1,0,1,0,0,0,0
1361,950.418,2.864,1,0,0,0,0,0,0,0,0,0,0,0,0,0,0,0,0,0
1362,937.408,3.047,1,0,0,0,1,0,0,0,0,0,0,0,0,0,0,0,0,0
1363,979.541,3.448,0,0,0,0,1,0,0,0,0,0,0,0,0,0,0,0,0,0
1364,974.800,3.665,0,0,0,0,0,0,0,1,0,0,0,0,0,1,0,0,1,0
1365,968.810,3.146,1,1,0,0,0,0,0,0,1,0,0,0,0,0,0,0,0,0
1366,403.614,3.601,0,0,0,0,1,0,0,0,0,0,0,1,0,0,0,0,0,0
1367,937.408,3.507,0,0,0,0,0,0,0,1,0,0,0,0,0,0,0,0,0,0
1368,976.475,3.526,0,0,0,0,0,0,0,1,0,0,0,0,0,0,0,0,0,0
1369,979.042,3.209,0,0,0,0,0,0,0,0,0,0,0,0,0,1,0,0,0,0
1370,195.302,3.731,0,0,0,0,0,0,0,1,0,0,0,0,0,0,0,0,0,0
1371,966.566,3.419,0,0,0,0,0,0,0,0,0,0,0,0,0,0,0,0,1,0
1372,950.418,3.411,0,0,0,0,1,0,0,0,0,0,0,0,0,0,0,0,0,0
1373,520.781,4.170,0,0,0,0,0,0,0,1,0,0,0,0,0,0,0,0,0,0
1374,937.408,3.019,0,0,0,0,1,0,0,0,0,0,0,0,0,0,0,0,1,0
1375,981.536,3.255,0,0,0,1,0,0,0,1,0,0,0,0,0,0,0,0,0,0
1376,694.875,3.470,0,0,0,0,0,1,0,0,0,0,0,0,0,0,0,0,0,0
1377,937.408,3.402,0,0,0,0,0,0,1,0,0,0,0,0,0,0,0,0,0,0
1378,768.162,3.438,0,0,0,0,0,1,0,0,0,0,0,0,0,0,0,0,0,0
1379,975.798,3.714,0,0,0,0,0,0,0,1,0,0,0,0,0,1,0,0,0,0
1380,950.418,3.554,0,0,0,0,0,0,1,0,0,0,0,0,0,0,0,0,0,0
1381,768.162,3.069,1,1,0,0,0,0,0,0,0,0,0,0,0,0,0,0,0,0
1382,924.397,3.341,0,0,0,0,0,0,0,1,0,0,0,0,0,0,0,0,0,0
1383,950.418,3.548,0,0,0,0,1,0,0,0,0,0,0,0,0,1,0,0,0,0
1384,937.408,3.287,0,0,0,0,1,0,0,1,0,0,0,0,0,0,0,0,1,0
1385,950.418,3.260,0,0,1,1,1,0,0,0,0,0,0,0,0,1,0,0,0,0
1386,937.408,3.393,0,0,0,0,1,0,0,0,0,0,0,0,0,0,0,0,0,0
1387,950.418,3.375,0,0,1,1,0,0,0,0,0,0,0,0,0,0,0,0,0,0
1388,988.987,3.587,0,0,0,0,0,0,0,1,0,0,0,0,0,0,0,0,0,0
1389,768.162,3.264,0,0,1,1,0,0,0,0,0,0,0,0,0,0,0,0,0,0
1390,716.084,4.345,1,1,0,0,0,0,0,0,0,0,0,0,0,1,1,0,1,0
1391,950.418,3.201,1,1,0,0,0,0,0,0,0,0,0,0,0,0,0,0,0,0
1392,967.562,3.503,0,0,0,0,1,0,0,0,0,0,0,0,0,1,0,0,0,0
1393,520.781,4.156,0,1,0,0,0,0,0,0,0,0,0,0,0,0,0,0,1,0
1394,937.408,4.023,0,0,0,0,1,0,0,1,0,0,0,0,0,0,0,0,0,0
1395,234.334,3.523,0,1,0,0,0,0,0,0,0,0,0,0,0,0,0,0,0,0
1396,924.397,3.209,0,0,0,0,1,0,0,0,0,0,0,0,0,0,0,0,0,0
1397,975.798,3.643,0,0,0,0,1,0,0,1,0,0,0,0,0,0,0,0,0,0
1398,924.397,4.011,1,0,0,0,0,0,0,0,0,0,0,0,0,0,0,1,0,0
1399,976.475,3.573,0,0,0,0,0,0,0,1,0,0,0,0,0,0,1,1,0,0
1400,937.408,3.462,0,0,0,0,0,0,0,1,0,0,0,0,0,0,0,0,0,0
1401,975.549,3.028,1,1,0,0,0,0,0,0,0,0,0,0,0,0,0,1,0,0
1402,976.475,3.202,1,0,0,1,0,0,0,0,0,0,0,0,0,0,0,0,0,0
1403,911.351,3.240,0,0,0,0,0,0,0,0,0,0,1,0,0,1,0,0,0,0
1404,937.408,3.302,0,0,0,0,1,0,0,1,0,0,0,0,0,0,0,0,0,0
1405,991.910,3.394,1,0,0,0,0,0,0,0,0,0,0,0,0,0,0,1,0,0
1406,976.475,3.485,0,0,0,0,0,0,0,0,0,0,0,0,0,0,0,1,0,0
1407,937.408,3.357,0,0,0,0,0,0,0,1,0,0,0,0,0,0,0,0,0,0
1408,976.475,3.327,1,0,0,0,0,0,0,1,0,0,0,0,0,0,0,0,0,0
1409,924.397,3.757,0,0,0,0,0,0,0,1,0,0,0,0,0,0,0,0,0,0
1410,286.411,3.675,0,0,0,0,0,0,0,0,0,0,0,0,1,0,0,1,0,0
1411,950.418,2.949,0,0,0,0,1,0,0,0,0,0,0,0,0,0,0,0,0,0
1412,976.475,3.519,0,0,0,0,0,0,0,1,0,0,0,0,0,0,0,0,0,0
1413,559.849,3.505,0,0,0,0,0,0,0,0,0,0,0,0,0,0,1,0,0,0
1414,937.408,3.507,0,0,0,0,0,0,0,1,0,0,0,0,0,0,0,0,0,0
1415,963.429,3.438,0,0,0,0,1,0,0,0,0,0,0,0,0,0,0,0,0,0
1416,965.069,4.076,1,0,0,0,0,0,0,1,0,0,0,0,0,0,0,0,1,0
1417,974.050,3.096,0,0,0,0,1,0,0,0,0,0,0,0,0,0,0,0,0,0
1418,885.329,3.066,1,0,0,0,0,0,0,0,0,0,0,0,0,1,0,0,0,0
1419,924.397,3.238,0,0,0,0,1,0,0,0,0,0,0,0,0,0,0,0,0,0
1420,924.397,3.578,1,0,0,0,0,0,0,1,0,0,0,0,0,0,0,0,0,0
1421,924.397,3.601,0,0,0,0,0,0,0,1,0,0,0,0,0,0,0,0,0,0
1422,950.418,3.332,0,0,0,0,0,0,0,1,0,0,0,0,0,0,0,0,0,0
1423,974.800,2.882,0,1,1,1,1,0,0,0,1,0,0,0,0,0,0,0,0,0
1424,982.284,3.411,0,0,0,0,1,0,0,0,0,0,0,0,0,0,0,0,0,0
1425,937.408,3.332,0,0,0,0,0,0,0,0,0,0,1,0,0,0,1,0,0,0
1426,924.397,3.042,1,0,0,0,1,0,0,0,0,0,0,0,0,0,0,0,1,0
1427,970.806,3.574,0,0,0,0,1,0,0,1,0,0,0,0,0,0,0,0,0,0
1428,982.284,2.709,1,0,0,0,0,0,0,0,0,0,0,0,0,1,0,1,0,0
1429,742.105,3.884,0,0,0,0,1,0,0,0,0,0,0,0,0,0,0,0,0,0
1430,937.408,3.443,0,0,0,0,0,0,0,1,0,0,0,0,0,0,0,0,0,0
1431,979.291,2.656,0,0,0,0,0,0,0,1,0,0,0,0,0,0,0,1,0,0
1432,950.418,3.332,0,0,0,0,0,0,0,1,0,0,0,0,0,0,0,0,0,0
1433,950.418,3.345,0,0,0,0,0,0,0,1,0,0,0,0,0,1,0,0,0,0
1434,950.418,3.322,1,1,0,1,0,0,0,0,1,0,0,0,0,0,1,0,0,0
1435,969.559,3.359,0,0,1,1,0,0,0,0,0,0,0,1,0,0,0,0,0,0
1436,991.910,3.554,0,0,0,0,0,0,1,0,0,0,0,0,0,0,0,0,0,0
1437,859.272,3.435,0,1,1,0,0,0,0,0,0,0,0,0,0,0,1,1,0,0
1438,990.520,3.397,0,0,0,0,0,1,0,1,0,0,0,0,0,0,0,1,0,0
1439,924.397,3.138,1,0,0,0,0,0,0,1,0,0,0,0,1,0,0,0,0,0
1440,980.751,3.485,0,0,0,0,1,0,0,0,0,0,0,0,0,0,0,0,0,0
1441,966.352,3.512,0,0,0,0,1,0,0,1,0,0,0,0,0,0,0,0,0,0
1442,937.408,3.408,0,1,0,0,0,0,0,1,0,0,0,0,0,0,0,0,0,0
1443,964.819,3.043,1,0,0,0,0,0,0,0,0,0,0,0,0,0,0,1,0,0
1444,820.240,3.837,0,0,0,0,0,0,0,1,0,0,0,0,0,0,0,0,0,0
1445,973.551,3.486,0,0,0,0,0,0,0,1,0,0,0,0,0,0,0,0,0,0
1446,520.781,4.143,0,0,0,0,0,0,0,0,0,1,0,0,0,0,0,1,0,0
1447,981.037,2.992,0,0,0,0,1,0,0,0,0,0,0,0,0,0,0,0,0,0
1448,937.408,3.568,0,0,0,0,0,0,0,1,0,0,0,0,0,0,0,0,0,0
1449,988.987,3.868,0,0,0,0,0,0,0,1,0,0,0,0,0,0,0,0,0,0
1450,833.251,3.262,0,0,0,0,1,0,0,0,0,0,1,0,0,0,0,0,0,0
1451,937.408,3.411,0,0,0,0,0,0,0,1,0,0,0,0,0,0,0,0,0,0
1452,983.282,3.393,0,0,0,1,0,0,0,0,1,0,0,0,0,0,0,0,0,0
1453,973.088,3.475,0,0,0,0,1,0,0,0,0,0,0,0,0,0,0,0,0,0
1454,950.418,2.991,0,0,0,0,0,0,0,0,0,0,1,0,0,0,0,1,0,0
1455,976.475,3.344,0,0,0,0,0,0,0,1,0,0,0,0,0,0,0,0,0,0
1456,983.282,3.443,0,0,0,0,1,0,0,0,0,0,0,0,0,0,0,0,0,0
1457,781.173,3.398,0,0,0,0,0,0,0,1,0,0,0,1,0,0,0,0,1,0
1458,967.063,3.233,0,0,1,1,0,0,0,0,0,0,0,1,0,0,0,0,0,0
1459,950.418,3.730,0,0,0,0,0,0,0,0,0,0,0,0,0,0,0,1,0,0
1460,221.324,4.003,0,1,0,1,0,0,0,1,0,0,0,1,0,0,0,0,0,0
1461,963.429,3.098,0,0,0,0,1,0,0,0,0,0,0,0,0,1,0,0,0,0
1462,781.173,3.024,0,0,0,0,0,0,0,0,0,0,1,0,0,0,0,0,0,0
1463,973.052,3.620,0,0,0,0,0,0,1,0,0,0,0,0,0,0,0,0,0,0
1464,950.418,3.058,1,0,0,1,0,0,0,0,0,0,0,0,0,0,0,0,0,0
1465,971.056,3.278,0,0,0,1,1,0,0,0,0,0,0,0,0,0,0,0,0,0
1466,976.475,3.411,0,0,0,0,1,0,0,0,0,0,0,0,0,0,0,0,0,0
1467,989.486,3.452,0,0,0,0,0,0,0,1,0,0,0,0,0,1,0,0,0,0
1468,846.262,3.444,0,0,0,0,1,0,0,0,0,0,1,0,0,0,0,0,0,0
1469,742.105,3.129,1,1,0,0,0,0,0,0,0,0,0,0,0,0,1,0,0,0
1470,971.555,2.851,0,0,0,0,0,1,0,0,0,0,0,0,0,0,0,0,0,0
1471,950.418,3.155,0,0,0,0,1,0,0,0,0,0,0,0,0,0,0,0,0,0
1472,966.566,3.289,0,0,0,0,1,0,0,0,0,0,0,0,0,0,0,0,0,0
1473,768.162,3.298,1,1,0,0,0,0,0,0,0,0,0,0,0,0,1,1,0,0
1474,966.566,3.401,0,0,0,0,0,0,0,1,0,0,0,0,0,1,0,0,0,0
1475,937.408,3.357,0,0,0,0,1,0,0,0,0,0,0,0,0,1,0,0,0,0
1476,234.334,3.836,0,0,0,0,1,0,0,0,0,0,0,0,0,0,0,0,0,0
1477,898.340,3.563,0,0,0,0,1,0,0,0,0,0,0,0,0,0,0,0,0,0
1478,885.329,3.590,0,0,0,0,1,0,0,1,0,0,0,0,0,0,0,0,0,0
1479,937.408,3.459,1,0,0,0,0,0,0,0,0,0,0,0,0,0,1,0,0,0
1480,833.251,3.904,0,0,0,0,0,0,0,1,0,0,0,0,0,0,0,0,0,0
1481,950.418,3.551,1,0,0,0,1,0,0,1,0,0,0,0,0,0,0,0,0,0
1482,950.418,3.438,0,0,0,0,0,0,0,1,0,0,0,0,0,0,0,0,0,0
1483,990.021,3.078,0,0,0,0,1,0,0,0,0,0,0,0,0,0,0,0,0,0
1484,169.246,3.890,0,0,0,0,0,0,0,0,0,0,0,0,0,0,0,1,0,0
1485,990.021,3.269,1,0,0,0,0,0,0,0,0,0,0,0,1,0,0,1,0,0
1486,950.418,2.970,0,0,0,0,0,0,0,0,0,0,0,0,0,0,1,1,0,0
1487,971.234,3.485,0,0,0,0,0,0,0,1,0,0,0,0,0,0,0,0,0,0
1488,950.418,3.560,0,0,0,0,1,0,0,0,0,0,0,0,0,0,0,0,0,0
1489,978.044,3.856,0,0,0,0,0,0,1,0,0,0,0,0,0,0,0,0,0,0
1490,416.625,3.890,0,0,0,0,0,0,0,0,0,0,0,0,1,0,0,1,0,0
1491,972.981,3.488,1,0,0,0,0,1,0,0,0,0,0,0,0,0,0,0,0,0
1492,976.297,3.546,0,0,0,0,0,0,0,1,0,0,0,0,0,0,0,0,0,0
1493,970.485,2.987,0,0,0,1,1,0,0,0,1,0,0,0,0,0,0,0,0,0
1494,729.095,2.904,1,0,0,0,0,0,0,0,0,0,1,0,0,0,0,0,0,0
1495,937.408,2.976,0,0,0,0,1,1,0,0,0,0,1,0,0,0,0,0,0,0
1496,351.536,3.483,0,0,0,1,0,0,0,1,0,0,0,0,0,0,0,0,0,0
1497,965.069,3.315,0,0,0,0,0,0,0,1,0,0,0,0,0,0,0,1,0,0
1498,978.543,2.586,0,0,0,0,1,0,0,0,0,0,0,0,0,1,0,0,0,0
1499,964.819,3.424,0,0,0,0,0,0,0,1,0,0,0,0,0,0,0,0,0,0
1500,981.286,3.302,0,1,0,1,0,0,0,0,0,0,0,0,0,0,0,0,0,0
1501,950.418,3.650,0,0,0,0,1,0,0,1,0,0,0,0,0,1,0,0,0,0
1502,984.779,2.953,0,0,0,0,0,0,0,0,0,0,0,0,0,0,1,1,0,0
1503,982.284,3.289,0,0,0,0,0,0,0,1,0,0,0,0,0,0,0,0,0,0
1504,979.042,3.947,1,1,0,0,0,0,0,0,0,0,0,0,0,1,1,0,1,0
1505,559.849,3.078,0,0,0,1,1,0,0,0,0,0,0,0,1,0,0,0,0,0
1506,973.551,3.666,0,0,0,0,0,0,1,1,0,0,0,0,0,0,0,0,0,0
1507,924.397,3.411,0,0,0,0,0,0,0,1,0,0,1,0,0,0,0,0,0,0
1508,924.397,3.376,0,0,0,0,0,0,0,1,0,0,0,0,0,0,0,0,0,0
1509,611.927,3.733,0,0,0,0,0,0,0,0,0,0,0,0,0,0,0,0,0,1
1510,950.418,3.013,1,0,0,0,0,0,0,0,0,0,0,0,0,0,1,1,0,0
1511,950.418,3.376,0,0,0,0,0,0,0,1,0,0,0,0,0,0,0,0,0,0
1512,833.251,3.485,1,1,0,0,0,0,0,0,0,0,0,0,0,0,0,0,0,0
1513,950.418,3.226,0,0,0,0,0,0,0,1,0,0,0,0,0,0,0,0,0,0
1514,950.418,3.220,0,0,0,0,1,0,0,0,0,0,0,0,0,1,0,0,0,0
1515,937.408,3.746,0,0,0,0,0,0,0,1,0,0,0,0,0,0,0,0,0,0
1516,950.418,3.047,0,0,0,0,0,0,0,0,0,0,1,0,0,0,0,0,0,0
1517,234.334,3.748,0,0,0,0,1,0,0,0,0,0,0,0,0,0,0,0,0,0
1518,377.557,3.649,0,0,0,0,0,0,0,0,0,0,0,1,0,1,0,0,0,0
1519,950.418,3.116,0,0,0,0,1,0,0,1,0,0,0,0,0,1,0,0,0,0
1520,976.475,4.180,0,0,0,0,0,1,0,0,0,1,0,0,1,0,0,1,0,0
1521,977.545,3.245,0,0,0,0,1,0,0,0,0,0,0,0,0,0,0,0,0,0
1522,982.534,3.438,0,0,0,0,0,0,0,1,0,0,0,0,0,0,0,0,0,0
1523,898.340,3.184,0,0,0,0,1,0,0,0,1,0,0,0,0,0,0,0,0,0
1524,234.334,3.674,0,0,1,1,0,0,0,0,0,0,0,0,0,0,0,0,0,0
1525,911.351,3.505,0,0,0,0,0,1,0,1,0,0,0,0,0,0,1,0,0,0
1526,898.340,4.244,0,0,0,0,0,0,0,1,0,0,0,0,0,0,0,1,0,0
1527,937.408,3.148,0,0,0,0,1,0,0,0,0,0,0,0,0,0,0,0,0,0
1528,980.537,3.693,0,0,0,0,1,0,0,0,0,0,0,0,0,0,0,0,0,0
1529,968.062,3.107,0,1,0,1,0,0,0,0,0,0,0,0,0,0,0,0,0,0
1530,937.408,3.605,0,0,0,0,0,0,0,1,0,0,0,0,0,0,0,0,0,0
1531,924.397,3.462,1,1,0,0,1,0,0,0,0,0,1,0,0,0,1,0,0,0
1532,924.397,3.579,0,0,0,0,0,0,0,0,0,0,0,0,0,0,0,0,0,1
1533,455.692,3.678,0,0,0,0,1,0,0,0,0,0,0,0,0,1,0,0,0,0
1534,442.646,3.641,0,0,0,0,0,0,0,1,0,0,0,0,0,0,0,0,0,0
1535,937.408,3.315,0,0,0,0,1,0,0,1,0,0,0,0,0,0,0,0,0,0
1536,885.329,3.459,0,0,0,0,0,0,0,0,0,0,1,0,0,0,0,0,0,0
1537,966.566,3.527,0,0,0,0,0,0,0,1,0,0,0,0,0,0,0,0,0,0
1538,950.418,3.130,0,0,0,0,1,0,0,0,0,0,0,0,0,0,0,0,0,0
1539,924.397,3.641,1,1,0,0,0,0,0,0,0,0,0,0,0,0,1,0,0,0
1540,546.803,3.759,0,0,0,0,0,0,0,0,0,0,0,1,0,1,0,0,0,0
1541,924.397,2.741,1,1,0,1,0,0,0,0,0,0,0,0,0,0,1,0,0,0
